POD,FAR,FBIAS,POFD,TS,HSS,ACCURACY,OBS_RATE,FC_RATE,HITS,FALSE_ALARMS,MISSES,CORRECT_NEGATIVES,station,period,month,year,fog_type,n_obs
0.15384615384615385,0.9230769230769231,2.0,0.06685236768802229,0.05405405405405406,0.058704453441295545,0.9059139784946236,0.03494623655913978,0.06989247311827956,2,24,11,335,AGADIR-MASSIRA,mensuel,1,2024,cf,372
0.2894736842105263,0.6071428571428571,0.7368421052631579,0.054838709677419356,0.2,0.2652591170825336,0.8735632183908046,0.10919540229885058,0.08045977011494253,11,17,27,293,AGADIR-MASSIRA,mensuel,2,2024,cf,348
0.3392857142857143,0.42424242424242425,0.5892857142857143,0.04430379746835443,0.2714285714285714,0.35495716034271724,0.8629032258064516,0.15053763440860216,0.08870967741935484,19,14,37,302,AGADIR-MASSIRA,mensuel,3,2024,cf,372
0.4473684210526316,0.6382978723404256,1.236842105263158,0.09316770186335403,0.25,0.320704454639633,0.8583333333333333,0.10555555555555556,0.13055555555555556,17,30,21,292,AGADIR-MASSIRA,mensuel,4,2024,cf,360
0.3233082706766917,0.29508196721311475,0.45864661654135336,0.07531380753138076,0.2847682119205298,0.2818276071645633,0.7096774193548387,0.3575268817204301,0.1639784946236559,43,18,90,221,AGADIR-MASSIRA,mensuel,5,2024,cf,372
0.474025974025974,0.18888888888888888,0.5844155844155844,0.0825242718446602,0.4269005847953216,0.41317365269461076,0.7277777777777777,0.42777777777777776,0.25,73,17,81,189,AGADIR-MASSIRA,mensuel,6,2024,cf,360
0.10062893081761007,0.1111111111111111,0.11320754716981132,0.009389671361502348,0.09937888198757763,0.1027944111776447,0.6102150537634409,0.4274193548387097,0.04838709677419355,16,2,143,211,AGADIR-MASSIRA,mensuel,7,2024,cf,372
0.30578512396694213,0.3018867924528302,0.4380165289256198,0.06374501992031872,0.27007299270072993,0.2832646140803823,0.7311827956989247,0.32526881720430106,0.1424731182795699,37,16,84,235,AGADIR-MASSIRA,mensuel,8,2024,cf,372
0.4336283185840708,0.3,0.6194690265486725,0.08502024291497975,0.3656716417910448,0.38873351977626847,0.7638888888888888,0.3138888888888889,0.19444444444444445,49,21,64,226,AGADIR-MASSIRA,mensuel,9,2024,cf,360
0.3236363636363636,0.3732394366197183,0.5163636363636364,0.06455542021924482,0.27134146341463417,0.30873085408463785,0.781934306569343,0.2509124087591241,0.12956204379562045,267,159,558,2304,AGADIR-MASSIRA,annuel,all,2024,cf,3288
0.0,1.0,8.666666666666666,0.07046070460704607,0.0,-0.014672686230248307,0.9220430107526881,0.008064516129032258,0.06989247311827956,0,26,3,343,AGADIR-MASSIRA,mensuel,1,2024,hc,372
0.38095238095238093,0.7142857142857143,1.3333333333333333,0.06116207951070336,0.1951219512195122,0.2766439909297052,0.9051724137931034,0.0603448275862069,0.08045977011494253,8,20,13,307,AGADIR-MASSIRA,mensuel,2,2024,hc,348
0.375,0.6363636363636364,1.03125,0.061764705882352944,0.22641509433962265,0.30886351277868407,0.8897849462365591,0.08602150537634409,0.08870967741935484,12,21,20,319,AGADIR-MASSIRA,mensuel,3,2024,hc,372
0.6875,0.7659574468085106,2.9375,0.10465116279069768,0.21153846153846154,0.3029845107669059,0.8861111111111111,0.044444444444444446,0.13055555555555556,11,36,5,308,AGADIR-MASSIRA,mensuel,4,2024,hc,360
0.3064516129032258,0.6885245901639344,0.9838709677419355,0.13548387096774195,0.18269230769230768,0.17207792207792208,0.771505376344086,0.16666666666666666,0.1639784946236559,19,42,43,268,AGADIR-MASSIRA,mensuel,5,2024,hc,372
0.48936170212765956,0.4888888888888889,0.9574468085106383,0.16541353383458646,0.3333333333333333,0.3284671532846715,0.7444444444444445,0.2611111111111111,0.25,46,44,48,222,AGADIR-MASSIRA,mensuel,6,2024,hc,360
0.09876543209876543,0.5555555555555556,0.2222222222222222,0.03436426116838488,0.08791208791208792,0.08952583156404813,0.7768817204301075,0.21774193548387097,0.04838709677419355,8,10,73,281,AGADIR-MASSIRA,mensuel,7,2024,hc,372
0.3333333333333333,0.6415094339622641,0.9298245614035088,0.10793650793650794,0.2087912087912088,0.23206605883364873,0.8064516129032258,0.1532258064516129,0.1424731182795699,19,34,38,281,AGADIR-MASSIRA,mensuel,8,2024,hc,372
0.5806451612903226,0.4857142857142857,1.1290322580645162,0.11409395973154363,0.375,0.44387229660144184,0.8333333333333334,0.17222222222222222,0.19444444444444445,36,34,26,264,AGADIR-MASSIRA,mensuel,9,2024,hc,360
0.37149532710280375,0.6267605633802817,0.9953271028037384,0.09335664335664336,0.22877697841726619,0.2786923892970807,0.8369829683698297,0.13017031630170317,0.12956204379562045,159,267,269,2593,AGADIR-MASSIRA,annuel,all,2024,hc,3288
0.0963855421686747,0.7037037037037037,0.3253012048192771,0.0657439446366782,0.0784313725490196,0.04034249958834184,0.7473118279569892,0.22311827956989247,0.07258064516129033,8,19,75,270,AL-HOCEIMA,mensuel,10,2024,cf,372
0.3360655737704918,0.4225352112676056,0.5819672131147541,0.12605042016806722,0.26973684210526316,0.23383695068640234,0.6916666666666667,0.3388888888888889,0.19722222222222222,41,30,81,208,AL-HOCEIMA,mensuel,11,2024,cf,360
0.11627906976744186,0.84375,0.7441860465116279,0.08206686930091185,0.07142857142857142,0.03849212661046604,0.8252688172043011,0.11559139784946236,0.08602150537634409,5,27,38,302,AL-HOCEIMA,mensuel,12,2024,cf,372
0.21774193548387097,0.5846153846153846,0.5241935483870968,0.08878504672897196,0.16666666666666666,0.1551786686014874,0.7554347826086957,0.2246376811594203,0.11775362318840579,54,76,194,780,AL-HOCEIMA,annuel,all,2024,cf,1104
,1.0,,0.07258064516129033,0.0,0.0,0.9274193548387096,0.0,0.07258064516129033,0,27,0,345,AL-HOCEIMA,mensuel,10,2024,hc,372
0.4583333333333333,0.8450704225352113,2.9583333333333335,0.17857142857142858,0.13095238095238096,0.1465315666406859,0.7972222222222223,0.06666666666666667,0.19722222222222222,11,60,13,276,AL-HOCEIMA,mensuel,11,2024,hc,360
0.0,1.0,10.666666666666666,0.08672086720867209,0.0,-0.014967259120673527,0.9059139784946236,0.008064516129032258,0.08602150537634409,0,32,3,337,AL-HOCEIMA,mensuel,12,2024,hc,372
0.4074074074074074,0.9153846153846154,4.814814814814815,0.11049210770659239,0.07534246575342465,0.10383144527022152,0.8777173913043478,0.024456521739130436,0.11775362318840579,11,119,16,958,AL-HOCEIMA,annuel,all,2024,hc,1104
0.15789473684210525,0.6666666666666666,0.47368421052631576,0.0169971671388102,0.12,0.18761167361524717,0.9408602150537635,0.051075268817204304,0.024193548387096774,3,6,16,347,FES-SAIS,mensuel,1,2024,cf,372
0.3111111111111111,0.5172413793103449,0.6444444444444445,0.04950495049504951,0.23333333333333334,0.3082706766917293,0.867816091954023,0.12931034482758622,0.08333333333333333,14,15,31,288,FES-SAIS,mensuel,2,2024,cf,348
0.1,0.45,0.18181818181818182,0.03435114503816794,0.09243697478991597,0.08607825295723386,0.7096774193548387,0.2956989247311828,0.053763440860215055,11,9,99,253,FES-SAIS,mensuel,3,2024,cf,372
0.3088235294117647,0.43243243243243246,0.5441176470588235,0.0547945205479452,0.25,0.307861328125,0.825,0.18888888888888888,0.10277777777777777,21,16,47,276,FES-SAIS,mensuel,4,2024,cf,360
0.5277777777777778,0.36666666666666664,0.8333333333333334,0.03273809523809524,0.40425531914893614,0.5348338692390139,0.9247311827956989,0.0967741935483871,0.08064516129032258,19,11,17,325,FES-SAIS,mensuel,5,2024,cf,372
0.6410256410256411,0.4186046511627907,1.1025641025641026,0.056074766355140186,0.43859649122807015,0.5597340059619353,0.9111111111111111,0.10833333333333334,0.11944444444444445,25,18,14,303,FES-SAIS,mensuel,6,2024,cf,360
0.9090909090909091,0.16666666666666666,1.0909090909090908,0.00554016620498615,0.7692307692307693,0.8654124457308249,0.9919354838709677,0.02956989247311828,0.03225806451612903,10,2,1,359,FES-SAIS,mensuel,7,2024,cf,372
1.0,0.25,1.3333333333333333,0.0027100271002710027,0.75,0.8558139534883721,0.9973118279569892,0.008064516129032258,0.010752688172043012,3,1,0,368,FES-SAIS,mensuel,8,2024,cf,372
0.4230769230769231,0.5,0.8461538461538461,0.03293413173652695,0.2972972972972973,0.41993058998512645,0.9277777777777778,0.07222222222222222,0.06111111111111111,11,11,15,323,FES-SAIS,mensuel,9,2024,cf,360
0.41509433962264153,0.47619047619047616,0.7924528301886793,0.06269592476489028,0.3013698630136986,0.38578088578088576,0.8629032258064516,0.1424731182795699,0.11290322580645161,22,20,31,299,FES-SAIS,mensuel,10,2024,cf,372
1.0,0.45454545454545453,1.8333333333333333,0.014124293785310734,0.5454545454545454,0.6993987975951904,0.9861111111111112,0.016666666666666666,0.030555555555555555,6,5,0,349,FES-SAIS,mensuel,11,2024,cf,360
0.36363636363636365,0.29411764705882354,0.5151515151515151,0.014749262536873156,0.3157894736842105,0.44661860624785443,0.9301075268817204,0.08870967741935484,0.0456989247311828,12,5,21,334,FES-SAIS,mensuel,12,2024,cf,372
0.34966592427616927,0.4311594202898551,0.6146993318485523,0.03018006593963987,0.2764084507042254,0.3852535390852323,0.9064207650273224,0.10223132969034608,0.06284153005464481,157,119,292,3824,FES-SAIS,annuel,all,2024,cf,4392
0.25,0.6666666666666666,0.75,0.016666666666666666,0.16666666666666666,0.26540284360189575,0.9596774193548387,0.03225806451612903,0.024193548387096774,3,6,9,354,FES-SAIS,mensuel,1,2024,hc,372
0.14285714285714285,0.896551724137931,1.380952380952381,0.07951070336391437,0.06382978723404255,0.053763440860215055,0.8735632183908046,0.0603448275862069,0.08333333333333333,3,26,18,301,FES-SAIS,mensuel,2,2024,hc,348
0.21621621621621623,0.6,0.5405405405405406,0.03582089552238806,0.16326530612244897,0.22672885824376393,0.8897849462365591,0.09946236559139784,0.053763440860215055,8,12,29,323,FES-SAIS,mensuel,3,2024,hc,372
0.5806451612903226,0.5135135135135135,1.1935483870967742,0.057750759878419454,0.36,0.48075362841431535,0.9111111111111111,0.08611111111111111,0.10277777777777777,18,19,13,310,FES-SAIS,mensuel,4,2024,hc,360
0.7272727272727273,0.4666666666666667,1.3636363636363635,0.04,0.4444444444444444,0.5872170439414115,0.946236559139785,0.05913978494623656,0.08064516129032258,16,14,6,336,FES-SAIS,mensuel,5,2024,hc,372
0.7272727272727273,0.4418604651162791,1.303030303030303,0.0581039755351682,0.46153846153846156,0.5889405431857108,0.9222222222222223,0.09166666666666666,0.11944444444444445,24,19,9,308,FES-SAIS,mensuel,6,2024,hc,360
0.9,0.25,1.2,0.008287292817679558,0.6923076923076923,0.8126888217522659,0.989247311827957,0.026881720430107527,0.03225806451612903,9,3,1,359,FES-SAIS,mensuel,7,2024,hc,372
1.0,0.5,2.0,0.005405405405405406,0.5,0.6642599277978339,0.9946236559139785,0.005376344086021506,0.010752688172043012,2,2,0,368,FES-SAIS,mensuel,8,2024,hc,372
0.5833333333333334,0.6818181818181818,1.8333333333333333,0.04310344827586207,0.25925925925925924,0.38524590163934425,0.9444444444444444,0.03333333333333333,0.06111111111111111,7,15,5,333,FES-SAIS,mensuel,9,2024,hc,360
0.32,0.8095238095238095,1.68,0.09798270893371758,0.13559322033898305,0.16876971608832808,0.8629032258064516,0.06720430107526881,0.11290322580645161,8,34,17,313,FES-SAIS,mensuel,10,2024,hc,372
1.0,0.45454545454545453,1.8333333333333333,0.014124293785310734,0.5454545454545454,0.6993987975951904,0.9861111111111112,0.016666666666666666,0.030555555555555555,6,5,0,349,FES-SAIS,mensuel,11,2024,hc,360
0.42857142857142855,0.29411764705882354,0.6071428571428571,0.014534883720930232,0.36363636363636365,0.5051938180896883,0.9435483870967742,0.07526881720430108,0.0456989247311828,12,5,16,339,FES-SAIS,mensuel,12,2024,hc,372
0.48535564853556484,0.5797101449275363,1.1548117154811715,0.03852636648206116,0.2907268170426065,0.4164488213818903,0.9355646630236795,0.05441712204007286,0.06284153005464481,116,160,123,3993,FES-SAIS,annuel,all,2024,hc,4392
0.1274131274131274,0.10810810810810811,0.14285714285714285,0.035398230088495575,0.12547528517110265,0.05922195588591032,0.3817204301075269,0.696236559139785,0.09946236559139784,33,4,226,109,KENITRA,mensuel,10,2024,cf,372
0.1145374449339207,0.21212121212121213,0.14537444933920704,0.05263157894736842,0.1111111111111111,0.04754636342822254,0.4222222222222222,0.6305555555555555,0.09166666666666666,26,7,201,126,KENITRA,mensuel,11,2024,cf,360
0.03225806451612903,0.4375,0.05734767025089606,0.07526881720430108,0.03146853146853147,-0.02214022140221402,0.2553763440860215,0.75,0.043010752688172046,9,7,270,86,KENITRA,mensuel,12,2024,cf,372
0.08888888888888889,0.20930232558139536,0.11241830065359477,0.05309734513274336,0.08684546615581099,0.022977408766171076,0.3523550724637681,0.6929347826086957,0.07789855072463768,68,18,697,321,KENITRA,annuel,all,2024,cf,1104
0.16201117318435754,0.21621621621621623,0.20670391061452514,0.04145077720207254,0.15508021390374332,0.12413197031562007,0.5752688172043011,0.48118279569892475,0.09946236559139784,29,8,150,185,KENITRA,mensuel,10,2024,hc,372
0.1875,0.2727272727272727,0.2578125,0.03879310344827586,0.17518248175182483,0.17838099854580708,0.6861111111111111,0.35555555555555557,0.09166666666666666,24,9,104,223,KENITRA,mensuel,11,2024,hc,360
0.05263157894736842,0.5625,0.12030075187969924,0.03765690376569038,0.04929577464788732,0.018603924020948955,0.6370967741935484,0.3575268817204301,0.043010752688172046,7,9,126,230,KENITRA,mensuel,12,2024,hc,372
0.13636363636363635,0.3023255813953488,0.19545454545454546,0.0391566265060241,0.12875536480686695,0.11246990242047902,0.6322463768115942,0.39855072463768115,0.07789855072463768,60,26,380,638,KENITRA,annuel,all,2024,hc,1104
0.7083333333333334,0.15,0.8333333333333334,0.008620689655172414,0.6296296296296297,0.7585669781931464,0.9731182795698925,0.06451612903225806,0.053763440860215055,17,3,7,345,LAAYOUNE,mensuel,1,2024,cf,372
0.15454545454545454,0.19047619047619047,0.19090909090909092,0.01680672268907563,0.14912280701754385,0.1760398359695372,0.7212643678160919,0.3160919540229885,0.0603448275862069,17,4,93,234,LAAYOUNE,mensuel,2,2024,cf,348
0.12857142857142856,0.4375,0.22857142857142856,0.0603448275862069,0.11688311688311688,0.08054667054376272,0.6344086021505376,0.3763440860215054,0.08602150537634409,18,14,122,218,LAAYOUNE,mensuel,3,2024,cf,372
0.13761467889908258,0.21052631578947367,0.1743119266055046,0.01593625498007968,0.13274336283185842,0.15875816681768326,0.7277777777777777,0.30277777777777776,0.05277777777777778,15,4,94,247,LAAYOUNE,mensuel,4,2024,cf,360
0.3480392156862745,0.07792207792207792,0.37745098039215685,0.03571428571428571,0.3380952380952381,0.29279501066797964,0.6263440860215054,0.5483870967741935,0.20698924731182797,71,6,133,162,LAAYOUNE,mensuel,5,2024,cf,372
0.34782608695652173,0.12195121951219512,0.3961352657004831,0.06535947712418301,0.3317972350230415,0.25526450950179763,0.5972222222222222,0.575,0.22777777777777777,72,10,135,143,LAAYOUNE,mensuel,6,2024,cf,360
0.22821576763485477,0.19117647058823528,0.2821576763485477,0.09923664122137404,0.21653543307086615,0.0991091856106703,0.4650537634408602,0.6478494623655914,0.1827956989247312,55,13,186,118,LAAYOUNE,mensuel,8,2024,cf,372
0.45989304812834225,0.044444444444444446,0.48128342245989303,0.023121387283236993,0.450261780104712,0.42779291553133514,0.7083333333333334,0.5194444444444445,0.25,86,4,101,169,LAAYOUNE,mensuel,9,2024,cf,360
0.25,0.03773584905660377,0.25980392156862747,0.011904761904761904,0.24757281553398058,0.22060016220600162,0.5833333333333334,0.5483870967741935,0.1424731182795699,51,2,153,166,LAAYOUNE,mensuel,10,2024,cf,372
0.28190743338008417,0.12987012987012986,0.32398316970546986,0.0322234156820623,0.27052489905787347,0.2711442663983706,0.670316301703163,0.43369829683698297,0.14051094890510948,402,60,1024,1802,LAAYOUNE,annuel,all,2024,cf,3288
0.8947368421052632,0.15,1.0526315789473684,0.0084985835694051,0.7727272727272727,0.86470759383183,0.9865591397849462,0.051075268817204304,0.053763440860215055,17,3,2,350,LAAYOUNE,mensuel,1,2024,hc,372
0.2112676056338028,0.2857142857142857,0.29577464788732394,0.021660649819494584,0.19480519480519481,0.2568712543914032,0.8218390804597702,0.20402298850574713,0.0603448275862069,15,6,56,271,LAAYOUNE,mensuel,2,2024,hc,348
0.26229508196721313,0.5,0.5245901639344263,0.05144694533762058,0.2077922077922078,0.260654242147791,0.8360215053763441,0.1639784946236559,0.08602150537634409,16,16,45,295,LAAYOUNE,mensuel,3,2024,hc,372
0.22,0.42105263157894735,0.38,0.025806451612903226,0.1896551724137931,0.26242371403661724,0.8694444444444445,0.1388888888888889,0.05277777777777778,11,8,39,302,LAAYOUNE,mensuel,4,2024,hc,360
0.40853658536585363,0.12987012987012986,0.4695121951219512,0.04807692307692308,0.3850574712643678,0.38188707373128766,0.7123655913978495,0.44086021505376344,0.20698924731182797,67,10,97,198,LAAYOUNE,mensuel,5,2024,hc,372
0.4125874125874126,0.2804878048780488,0.5734265734265734,0.10599078341013825,0.35542168674698793,0.33064572183220964,0.7027777777777777,0.3972222222222222,0.22777777777777777,59,23,84,194,LAAYOUNE,mensuel,6,2024,hc,360
0.25773195876288657,0.2647058823529412,0.35051546391752575,0.10112359550561797,0.2358490566037736,0.1521665728756331,0.5645161290322581,0.521505376344086,0.1827956989247312,50,18,144,160,LAAYOUNE,mensuel,8,2024,hc,372
0.47794117647058826,0.2777777777777778,0.6617647058823529,0.11160714285714286,0.40372670807453415,0.3924050632911392,0.7333333333333333,0.37777777777777777,0.25,65,25,71,199,LAAYOUNE,mensuel,9,2024,hc,360
0.368,0.1320754716981132,0.424,0.02834008097165992,0.3484848484848485,0.3959898803005702,0.7688172043010753,0.33602150537634407,0.1424731182795699,46,7,79,240,LAAYOUNE,mensuel,10,2024,hc,372
0.3592938733125649,0.2510822510822511,0.4797507788161994,0.04989247311827957,0.3206672845227062,0.3650248657125062,0.7770681265206812,0.29288321167883213,0.14051094890510948,346,116,617,2209,LAAYOUNE,annuel,all,2024,hc,3288
0.16666666666666666,0.5,0.3333333333333333,0.00273224043715847,0.14285714285714285,0.24390243902439024,0.9838709677419355,0.016129032258064516,0.005376344086021506,1,1,5,365,MARRAKECH,mensuel,1,2024,cf,372
0.13043478260869565,0.6666666666666666,0.391304347826087,0.018461538461538463,0.10344827586206896,0.15612758813654168,0.9252873563218391,0.06609195402298851,0.02586206896551724,3,6,20,319,MARRAKECH,mensuel,2,2024,cf,348
0.1282051282051282,0.75,0.5128205128205128,0.04504504504504504,0.09259259259259259,0.10594467333725721,0.8682795698924731,0.10483870967741936,0.053763440860215055,5,15,34,318,MARRAKECH,mensuel,3,2024,cf,372
0.4,0.9130434782608695,4.6,0.059154929577464786,0.07692307692307693,0.12284263959390863,0.9333333333333333,0.013888888888888888,0.06388888888888888,2,21,3,334,MARRAKECH,mensuel,4,2024,cf,360
0.0,1.0,2.6666666666666665,0.02168021680216802,0.0,-0.011869436201780416,0.9704301075268817,0.008064516129032258,0.021505376344086023,0,8,3,361,MARRAKECH,mensuel,5,2024,cf,372
0.39285714285714285,0.7317073170731707,1.4642857142857142,0.09036144578313253,0.1896551724137931,0.24946770759403833,0.8694444444444445,0.07777777777777778,0.11388888888888889,11,30,17,302,MARRAKECH,mensuel,6,2024,cf,360
,,,0.0,,,1.0,0.0,0.0,0,0,0,372,MARRAKECH,mensuel,7,2024,cf,372
,1.0,,0.002688172043010753,0.0,0.0,0.9973118279569892,0.0,0.002688172043010753,0,1,0,371,MARRAKECH,mensuel,8,2024,cf,372
0.36363636363636365,0.7333333333333333,1.3636363636363635,0.03151862464183381,0.18181818181818182,0.2823920265780731,0.95,0.030555555555555555,0.041666666666666664,4,11,7,338,MARRAKECH,mensuel,9,2024,cf,360
0.09375,0.8636363636363636,0.6875,0.05588235294117647,0.058823529411764705,0.04411134903640257,0.8709677419354839,0.08602150537634409,0.05913978494623656,3,19,29,321,MARRAKECH,mensuel,10,2024,cf,372
0.0,1.0,1.3,0.037142857142857144,0.0,-0.032418952618453865,0.9361111111111111,0.027777777777777776,0.03611111111111111,0,13,10,337,MARRAKECH,mensuel,11,2024,cf,360
0.18471337579617833,0.8116883116883117,0.9808917197452229,0.03235827077400984,0.10283687943262411,0.1537644858320076,0.9370646766169154,0.0390547263681592,0.038308457711442784,29,125,128,3738,MARRAKECH,annuel,all,2024,cf,4020
0.16666666666666666,0.5,0.3333333333333333,0.00273224043715847,0.14285714285714285,0.24390243902439024,0.9838709677419355,0.016129032258064516,0.005376344086021506,1,1,5,365,MARRAKECH,mensuel,1,2024,hc,372
0.07692307692307693,0.8888888888888888,0.6923076923076923,0.023880597014925373,0.047619047619047616,0.06224737267582862,0.9425287356321839,0.03735632183908046,0.02586206896551724,1,8,12,327,MARRAKECH,mensuel,2,2024,hc,348
0.09523809523809523,0.9,0.9523809523809523,0.05128205128205128,0.05128205128205128,0.044962531223980015,0.9005376344086021,0.056451612903225805,0.053763440860215055,2,18,19,333,MARRAKECH,mensuel,3,2024,hc,372
1.0,0.9130434782608695,11.5,0.05865921787709497,0.08695652173913043,0.15132465199820386,0.9416666666666667,0.005555555555555556,0.06388888888888888,2,21,0,337,MARRAKECH,mensuel,4,2024,hc,360
0.0,1.0,2.6666666666666665,0.02168021680216802,0.0,-0.011869436201780416,0.9704301075268817,0.008064516129032258,0.021505376344086023,0,8,3,361,MARRAKECH,mensuel,5,2024,hc,372
0.5714285714285714,0.8048780487804879,2.9285714285714284,0.0953757225433526,0.1702127659574468,0.24726570877117734,0.8916666666666667,0.03888888888888889,0.11388888888888889,8,33,6,313,MARRAKECH,mensuel,6,2024,hc,360
,,,0.0,,,1.0,0.0,0.0,0,0,0,372,MARRAKECH,mensuel,7,2024,hc,372
,1.0,,0.002688172043010753,0.0,0.0,0.9973118279569892,0.0,0.002688172043010753,0,1,0,371,MARRAKECH,mensuel,8,2024,hc,372
0.0,1.0,15.0,0.04178272980501393,0.0,-0.005235602094240838,0.9555555555555556,0.002777777777777778,0.041666666666666664,0,15,1,344,MARRAKECH,mensuel,9,2024,hc,360
0.1111111111111111,0.9090909090909091,1.2222222222222223,0.05649717514124294,0.05263157894736842,0.049403747870528106,0.9032258064516129,0.04838709677419355,0.05913978494623656,2,20,16,334,MARRAKECH,mensuel,10,2024,hc,372
0.0,1.0,2.6,0.036619718309859155,0.0,-0.02047244094488189,0.95,0.013888888888888888,0.03611111111111111,0,13,5,342,MARRAKECH,mensuel,11,2024,hc,360
0.1927710843373494,0.8961038961038961,1.855421686746988,0.03505207010414021,0.07239819004524888,0.11117198892119727,0.9490049751243781,0.02064676616915423,0.038308457711442784,16,138,67,3799,MARRAKECH,annuel,all,2024,hc,4020
0.18421052631578946,0.2222222222222222,0.23684210526315788,0.013513513513513514,0.175,0.23827252419955325,0.8225806451612904,0.20430107526881722,0.04838709677419355,14,4,62,292,MEKNES,mensuel,1,2024,cf,372
0.14754098360655737,0.14285714285714285,0.1721311475409836,0.01327433628318584,0.144,0.16586021505376344,0.6925287356321839,0.3505747126436782,0.0603448275862069,18,3,104,223,MEKNES,mensuel,2,2024,cf,348
0.07582938388625593,0.30434782608695654,0.10900473933649289,0.043478260869565216,0.07339449541284404,0.028419228879522123,0.45698924731182794,0.5672043010752689,0.06182795698924731,16,7,195,154,MEKNES,mensuel,3,2024,cf,372
0.29508196721311475,0.18181818181818182,0.36065573770491804,0.03361344537815126,0.27692307692307694,0.3097258485639687,0.7388888888888889,0.3388888888888889,0.12222222222222222,36,8,86,230,MEKNES,mensuel,4,2024,cf,360
0.3185840707964602,0.18181818181818182,0.3893805309734513,0.03088803088803089,0.2975206611570248,0.34750309533635987,0.771505376344086,0.30376344086021506,0.11827956989247312,36,8,77,251,MEKNES,mensuel,5,2024,cf,372
0.29931972789115646,0.2413793103448276,0.3945578231292517,0.06572769953051644,0.2732919254658385,0.25777119898498624,0.675,0.4083333333333333,0.16111111111111112,44,14,103,199,MEKNES,mensuel,6,2024,cf,360
0.17647058823529413,0.3333333333333333,0.2647058823529412,0.008875739644970414,0.16216216216216217,0.250390015600624,0.9166666666666666,0.0913978494623656,0.024193548387096774,6,3,28,335,MEKNES,mensuel,7,2024,cf,372
0.16666666666666666,0.5238095238095238,0.35,0.035256410256410256,0.14084507042253522,0.17818339852238158,0.8360215053763441,0.16129032258064516,0.056451612903225805,10,11,50,301,MEKNES,mensuel,8,2024,cf,372
0.18633540372670807,0.21052631578947367,0.2360248447204969,0.04020100502512563,0.17751479289940827,0.15763248266110028,0.6138888888888889,0.44722222222222224,0.10555555555555556,30,8,131,191,MEKNES,mensuel,9,2024,cf,360
0.1787709497206704,0.2,0.22346368715083798,0.04145077720207254,0.1711229946524064,0.1412998153332936,0.5833333333333334,0.48118279569892475,0.10752688172043011,32,8,147,185,MEKNES,mensuel,10,2024,cf,372
0.1935483870967742,0.07692307692307693,0.20967741935483872,0.003355704697986577,0.19047619047619047,0.2768236962344415,0.8583333333333333,0.17222222222222222,0.03611111111111111,12,1,50,297,MEKNES,mensuel,11,2024,cf,360
0.2465753424657534,0.14285714285714285,0.2876712328767123,0.010033444816053512,0.23684210526315788,0.3236787662215535,0.8440860215053764,0.19623655913978494,0.056451612903225805,18,3,55,296,MEKNES,mensuel,12,2024,cf,372
0.2,0.22285714285714286,0.25735294117647056,0.025725593667546173,0.18915159944367177,0.21914880640163945,0.7345173041894353,0.30965391621129323,0.07969034608378871,272,78,1088,2954,MEKNES,annuel,all,2024,cf,4392
0.2553191489361702,0.3333333333333333,0.3829787234042553,0.018461538461538463,0.22641509433962265,0.3217716115261473,0.8897849462365591,0.12634408602150538,0.04838709677419355,12,6,35,319,MEKNES,mensuel,1,2024,hc,372
0.13953488372093023,0.42857142857142855,0.2441860465116279,0.03435114503816794,0.12631578947368421,0.1409707351891506,0.7614942528735632,0.2471264367816092,0.0603448275862069,12,9,74,253,MEKNES,mensuel,2,2024,hc,348
0.11194029850746269,0.34782608695652173,0.17164179104477612,0.03361344537815126,0.1056338028169014,0.09563552833078101,0.6586021505376344,0.3602150537634409,0.06182795698924731,15,8,119,230,MEKNES,mensuel,3,2024,hc,372
0.29411764705882354,0.5454545454545454,0.6470588235294118,0.0821917808219178,0.21739130434782608,0.2451071761416589,0.8,0.18888888888888888,0.12222222222222222,20,24,48,268,MEKNES,mensuel,4,2024,hc,360
0.4186046511627907,0.5909090909090909,1.0232558139534884,0.0790273556231003,0.2608695652173913,0.33617914625612316,0.8629032258064516,0.11559139784946236,0.11827956989247312,18,26,25,303,MEKNES,mensuel,5,2024,hc,372
0.4050632911392405,0.4482758620689655,0.7341772151898734,0.09252669039145907,0.3047619047619048,0.3455523458511804,0.7972222222222223,0.21944444444444444,0.16111111111111112,32,26,47,255,MEKNES,mensuel,6,2024,hc,360
0.21052631578947367,0.5555555555555556,0.47368421052631576,0.014164305949008499,0.16666666666666666,0.2614651578320429,0.946236559139785,0.051075268817204304,0.024193548387096774,4,5,15,348,MEKNES,mensuel,7,2024,hc,372
0.13043478260869565,0.8571428571428571,0.9130434782608695,0.05157593123209169,0.07317073170731707,0.08219711725749902,0.8978494623655914,0.06182795698924731,0.056451612903225805,3,18,20,331,MEKNES,mensuel,8,2024,hc,372
0.35526315789473684,0.2894736842105263,0.5,0.03873239436619718,0.3103448275862069,0.3874773139745917,0.8333333333333334,0.2111111111111111,0.10555555555555556,27,11,49,273,MEKNES,mensuel,9,2024,hc,360
0.21929824561403508,0.375,0.3508771929824561,0.05813953488372093,0.1937984496124031,0.19681116093672146,0.7204301075268817,0.3064516129032258,0.10752688172043011,25,15,89,243,MEKNES,mensuel,10,2024,hc,372
0.2857142857142857,0.38461538461538464,0.4642857142857143,0.015060240963855422,0.24242424242424243,0.35860889395667045,0.9305555555555556,0.07777777777777778,0.03611111111111111,8,5,20,327,MEKNES,mensuel,11,2024,hc,360
0.21428571428571427,0.7142857142857143,0.75,0.0436046511627907,0.13953488372093023,0.1928219563687544,0.9005376344086021,0.07526881720430108,0.056451612903225805,6,15,22,329,MEKNES,mensuel,12,2024,hc,372
0.2442953020134228,0.48,0.4697986577181208,0.046065259117082535,0.19934282584884994,0.25122512092617555,0.8335610200364298,0.1696265938069217,0.07969034608378871,182,168,563,3479,MEKNES,annuel,all,2024,hc,4392
0.13043478260869565,0.35714285714285715,0.2028985507246377,0.0165016501650165,0.12162162162162163,0.16459369817578773,0.8252688172043011,0.18548387096774194,0.03763440860215054,9,5,60,298,NOUASSEUR,mensuel,1,2024,cf,372
0.24074074074074073,0.04878048780487805,0.25308641975308643,0.010752688172043012,0.23780487804878048,0.24163179916317992,0.6408045977011494,0.46551724137931033,0.11781609195402298,39,2,123,184,NOUASSEUR,mensuel,2,2024,cf,348
0.12,0.11764705882352941,0.136,0.008097165991902834,0.11811023622047244,0.14225717462016715,0.6989247311827957,0.33602150537634407,0.0456989247311828,15,2,110,245,NOUASSEUR,mensuel,3,2024,cf,372
0.2916666666666667,0.4166666666666667,0.5,0.052083333333333336,0.2413793103448276,0.2948717948717949,0.8166666666666667,0.2,0.1,21,15,51,273,NOUASSEUR,mensuel,4,2024,cf,360
0.31901840490797545,0.2972972972972973,0.4539877300613497,0.10526315789473684,0.2810810810810811,0.227420362273579,0.6424731182795699,0.4381720430107527,0.1989247311827957,52,22,111,187,NOUASSEUR,mensuel,5,2024,cf,372
0.5080645161290323,0.11267605633802817,0.5725806451612904,0.14285714285714285,0.4772727272727273,0.2899611250857535,0.6166666666666667,0.6888888888888889,0.39444444444444443,126,16,122,96,NOUASSEUR,mensuel,6,2024,cf,360
0.4,0.03896103896103896,0.41621621621621624,0.016042780748663103,0.39361702127659576,0.38515962536607995,0.6935483870967742,0.49731182795698925,0.20698924731182797,74,3,111,184,NOUASSEUR,mensuel,7,2024,cf,372
0.5445544554455446,0.07563025210084033,0.5891089108910891,0.052941176470588235,0.5213270142180095,0.4733094089940563,0.728494623655914,0.543010752688172,0.31989247311827956,110,9,92,161,NOUASSEUR,mensuel,8,2024,cf,372
0.42028985507246375,0.11224489795918367,0.47342995169082125,0.0718954248366013,0.39908256880733944,0.31877275091003643,0.6361111111111111,0.575,0.2722222222222222,87,11,120,142,NOUASSEUR,mensuel,9,2024,cf,360
0.35377358490566035,0.10714285714285714,0.39622641509433965,0.05625,0.3393665158371041,0.2709407216494845,0.6075268817204301,0.5698924731182796,0.22580645161290322,75,9,137,151,NOUASSEUR,mensuel,10,2024,cf,372
0.29545454545454547,0.2777777777777778,0.4090909090909091,0.056818181818181816,0.2653061224489796,0.28,0.7272727272727273,0.3333333333333333,0.13636363636363635,13,5,31,83,NOUASSEUR,mensuel,11,2024,cf,132
0.3467741935483871,0.29508196721311475,0.49193548387096775,0.07258064516129033,0.3028169014084507,0.3140877598152425,0.7338709677419355,0.3333333333333333,0.1639784946236559,43,18,81,230,NOUASSEUR,mensuel,12,2024,cf,372
0.3662437948152234,0.14980793854033292,0.4307777164920022,0.049766056997022544,0.34404145077720205,0.3385259570538214,0.6959654178674352,0.43539865513928916,0.18756003842459174,664,117,1149,2234,NOUASSEUR,annuel,all,2024,cf,4164
0.27586206896551724,0.42857142857142855,0.4827586206896552,0.01749271137026239,0.22857142857142856,0.33851422550052684,0.9274193548387096,0.07795698924731183,0.03763440860215054,8,6,21,337,NOUASSEUR,mensuel,1,2024,hc,372
0.3269230769230769,0.17073170731707318,0.3942307692307692,0.028688524590163935,0.3063063063063063,0.36096537250786986,0.7787356321839081,0.2988505747126437,0.11781609195402298,34,7,70,237,NOUASSEUR,mensuel,2,2024,hc,348
0.14432989690721648,0.17647058823529413,0.17525773195876287,0.01090909090909091,0.14,0.18199948862183585,0.7688172043010753,0.260752688172043,0.0456989247311828,14,3,83,272,NOUASSEUR,mensuel,3,2024,hc,372
0.38095238095238093,0.5555555555555556,0.8571428571428571,0.06289308176100629,0.25806451612903225,0.3390804597701149,0.8722222222222222,0.11666666666666667,0.1,16,20,26,298,NOUASSEUR,mensuel,4,2024,hc,360
0.4020618556701031,0.47297297297297297,0.7628865979381443,0.12727272727272726,0.29545454545454547,0.2976287152834172,0.75,0.260752688172043,0.1989247311827957,39,35,58,240,NOUASSEUR,mensuel,5,2024,hc,372
0.5902439024390244,0.14788732394366197,0.6926829268292682,0.13548387096774195,0.5353982300884956,0.4332833583208396,0.7083333333333334,0.5694444444444444,0.39444444444444443,121,21,84,134,NOUASSEUR,mensuel,6,2024,hc,360
0.5175438596491229,0.23376623376623376,0.6754385964912281,0.06976744186046512,0.44696969696969696,0.4923732615522656,0.803763440860215,0.3064516129032258,0.20698924731182797,59,18,55,240,NOUASSEUR,mensuel,7,2024,hc,372
0.6447368421052632,0.17647058823529413,0.7828947368421053,0.09545454545454546,0.5664739884393064,0.5683520019803205,0.7983870967741935,0.40860215053763443,0.31989247311827956,98,21,54,199,NOUASSEUR,mensuel,8,2024,hc,372
0.5813953488372093,0.23469387755102042,0.7596899224806202,0.09956709956709957,0.4934210526315789,0.5088241547948118,0.7861111111111111,0.35833333333333334,0.2722222222222222,75,23,54,208,NOUASSEUR,mensuel,9,2024,hc,360
0.4585987261146497,0.14285714285714285,0.535031847133758,0.05581395348837209,0.4260355029585799,0.4297363929451925,0.739247311827957,0.4220430107526882,0.22580645161290322,72,12,85,203,NOUASSEUR,mensuel,10,2024,hc,372
0.3333333333333333,0.3888888888888889,0.5454545454545454,0.0707070707070707,0.275,0.30952380952380953,0.7803030303030303,0.25,0.13636363636363635,11,7,22,92,NOUASSEUR,mensuel,11,2024,hc,132
0.4722222222222222,0.4426229508196721,0.8472222222222222,0.09,0.3434343434343434,0.4057800058979652,0.8252688172043011,0.1935483870967742,0.1639784946236559,34,27,38,273,NOUASSEUR,mensuel,12,2024,hc,372
0.4719740048740861,0.2560819462227913,0.6344435418359058,0.06818956699624958,0.4060097833682739,0.4516932692149798,0.7958693563880884,0.2956292026897214,0.18756003842459174,581,200,650,2733,NOUASSEUR,annuel,all,2024,hc,4164
0.12,0.7,0.4,0.043478260869565216,0.09375,0.10249584026622297,0.8440860215053764,0.13440860215053763,0.053763440860215055,6,14,44,308,OUJDA,mensuel,1,2024,cf,372
0.46296296296296297,0.2857142857142857,0.6481481481481481,0.034013605442176874,0.390625,0.500882612533098,0.8879310344827587,0.15517241379310345,0.10057471264367816,25,10,29,284,OUJDA,mensuel,2,2024,cf,348
0.10638297872340426,0.5833333333333334,0.2553191489361702,0.021538461538461538,0.09259259259259259,0.1244956772334294,0.8682795698924731,0.12634408602150538,0.03225806451612903,5,7,42,318,OUJDA,mensuel,3,2024,cf,372
0.11538461538461539,0.14285714285714285,0.1346153846153846,0.003246753246753247,0.11320754716981132,0.1751170046801872,0.8694444444444445,0.14444444444444443,0.019444444444444445,6,1,46,307,OUJDA,mensuel,4,2024,cf,360
0.12,0.4,0.2,0.005970149253731343,0.1111111111111111,0.18104265402843603,0.9333333333333333,0.06944444444444445,0.013888888888888888,3,2,22,333,OUJDA,mensuel,5,2024,cf,360
0.2558139534883721,0.5,0.5116279069767442,0.03470031545741325,0.2037037037037037,0.28026780732750606,0.8805555555555555,0.11944444444444445,0.06111111111111111,11,11,32,306,OUJDA,mensuel,6,2024,cf,360
0.5,0.0,0.5,0.0,0.5,0.6630434782608695,0.9919354838709677,0.016129032258064516,0.008064516129032258,3,0,3,366,OUJDA,mensuel,7,2024,cf,372
0.10344827586206896,0.8235294117647058,0.5862068965517241,0.04229607250755287,0.06976744186046512,0.07538204700141261,0.8888888888888888,0.08055555555555556,0.04722222222222222,3,14,26,317,OUJDA,mensuel,9,2024,cf,360
0.3387096774193548,0.7,1.1290322580645162,0.15806451612903225,0.1891891891891892,0.17177914110429449,0.7580645161290323,0.16666666666666666,0.1881720430107527,21,49,41,261,OUJDA,mensuel,10,2024,cf,372
0.45588235294117646,0.43636363636363634,0.8088235294117647,0.0821917808219178,0.33695652173913043,0.4032608695652174,0.8305555555555556,0.18888888888888888,0.1527777777777778,31,24,37,268,OUJDA,mensuel,11,2024,cf,360
0.0,1.0,9.0,0.02425876010781671,0.0,-0.004862236628849271,0.9731182795698925,0.002688172043010753,0.024193548387096774,0,9,1,362,OUJDA,mensuel,12,2024,cf,372
0.2608695652173913,0.5529411764705883,0.5835240274599542,0.03948473816858023,0.1972318339100346,0.2708916024285422,0.8842315369261478,0.1090319361277445,0.06362275449101797,114,141,323,3430,OUJDA,annuel,all,2024,cf,4008
0.625,0.75,2.5,0.04120879120879121,0.21739130434782608,0.3367670364500792,0.9516129032258065,0.021505376344086023,0.053763440860215055,5,15,3,349,OUJDA,mensuel,1,2024,hc,372
0.88,0.37142857142857144,1.4,0.04024767801857585,0.5789473684210527,0.70893883951908,0.9540229885057471,0.07183908045977011,0.10057471264367816,22,13,3,310,OUJDA,mensuel,2,2024,hc,348
0.21052631578947367,0.6666666666666666,0.631578947368421,0.0226628895184136,0.14814814814814814,0.2275189599133261,0.9381720430107527,0.051075268817204304,0.03225806451612903,4,8,15,345,OUJDA,mensuel,3,2024,hc,372
0.3333333333333333,0.2857142857142857,0.4666666666666667,0.005797101449275362,0.29411764705882354,0.4396887159533074,0.9666666666666667,0.041666666666666664,0.019444444444444445,5,2,10,343,OUJDA,mensuel,4,2024,hc,360
0.14285714285714285,0.8,0.7142857142857143,0.0113314447592068,0.09090909090909091,0.15294117647058825,0.9722222222222222,0.019444444444444445,0.013888888888888888,1,4,6,349,OUJDA,mensuel,5,2024,hc,360
0.5625,0.5909090909090909,1.375,0.0377906976744186,0.3103448275862069,0.44512946979038226,0.9444444444444444,0.044444444444444446,0.06111111111111111,9,13,7,331,OUJDA,mensuel,6,2024,hc,360
1.0,0.6666666666666666,3.0,0.005390835579514825,0.3333333333333333,0.4979757085020243,0.9946236559139785,0.002688172043010753,0.008064516129032258,1,2,0,369,OUJDA,mensuel,7,2024,hc,372
1.0,0.9411764705882353,17.0,0.04456824512534819,0.058823529411764705,0.10642258765125659,0.9555555555555556,0.002777777777777778,0.04722222222222222,1,16,0,343,OUJDA,mensuel,9,2024,hc,360
0.625,0.9285714285714286,8.75,0.17857142857142858,0.0684931506849315,0.09320332664181244,0.8172043010752689,0.021505376344086023,0.1881720430107527,5,65,3,299,OUJDA,mensuel,10,2024,hc,372
0.9666666666666667,0.4727272727272727,1.8333333333333333,0.07878787878787878,0.5178571428571429,0.643956043956044,0.925,0.08333333333333333,0.1527777777777778,29,26,1,304,OUJDA,mensuel,11,2024,hc,360
,1.0,,0.024193548387096774,0.0,0.0,0.9758064516129032,0.0,0.024193548387096774,0,9,0,363,OUJDA,mensuel,12,2024,hc,372
0.6307692307692307,0.6784313725490196,1.9615384615384615,0.0446106240330067,0.2706270627062706,0.40020314467964085,0.9448602794411177,0.03243512974051896,0.06362275449101797,82,173,48,3705,OUJDA,annuel,all,2024,hc,4008
0.2186046511627907,0.12962962962962962,0.25116279069767444,0.044585987261146494,0.21171171171171171,0.1528732042473454,0.5295698924731183,0.5779569892473119,0.14516129032258066,47,7,168,150,RABAT-SALE,mensuel,10,2024,cf,372
0.13533834586466165,0.21739130434782608,0.17293233082706766,0.022026431718061675,0.13043478260869565,0.13672515087326645,0.6666666666666666,0.36944444444444446,0.06388888888888888,18,5,115,222,RABAT-SALE,mensuel,11,2024,cf,360
0.07653061224489796,0.4642857142857143,0.14285714285714285,0.07386363636363637,0.07177033492822966,0.0025431225121627598,0.478494623655914,0.5268817204301075,0.07526881720430108,15,13,181,163,RABAT-SALE,mensuel,12,2024,cf,372
0.14705882352941177,0.23809523809523808,0.19301470588235295,0.044642857142857144,0.140597539543058,0.10361042480274169,0.5570652173913043,0.4927536231884058,0.09510869565217392,80,25,464,535,RABAT-SALE,annuel,all,2024,cf,1104
0.3023255813953488,0.2777777777777778,0.4186046511627907,0.06172839506172839,0.2708333333333333,0.2785904255319149,0.717741935483871,0.3467741935483871,0.14516129032258066,39,15,90,228,RABAT-SALE,mensuel,10,2024,hc,372
0.2727272727272727,0.34782608695652173,0.41818181818181815,0.02622950819672131,0.23809523809523808,0.32367906066536206,0.8666666666666667,0.1527777777777778,0.06388888888888888,15,8,40,297,RABAT-SALE,mensuel,11,2024,hc,360
0.16883116883116883,0.5357142857142857,0.36363636363636365,0.05084745762711865,0.14130434782608695,0.15425348221480373,0.7876344086021505,0.20698924731182797,0.07526881720430108,13,15,64,280,RABAT-SALE,mensuel,12,2024,hc,372
0.2567049808429119,0.3619047619047619,0.40229885057471265,0.045077105575326216,0.22408026755852842,0.26664261540311635,0.7898550724637681,0.23641304347826086,0.09510869565217392,67,38,194,805,RABAT-SALE,annuel,all,2024,hc,1104
0.078125,0.6341463414634146,0.21354166666666666,0.14444444444444443,0.06880733944954129,-0.06462527491118254,0.4543010752688172,0.5161290322580645,0.11021505376344086,15,26,177,154,SIDI-SLIMANE,mensuel,10,2024,cf,372
0.06796116504854369,0.78125,0.3106796116504854,0.09727626459143969,0.0546875,-0.03694534374404875,0.6638888888888889,0.2861111111111111,0.08888888888888889,7,25,96,232,SIDI-SLIMANE,mensuel,11,2024,cf,360
0.05747126436781609,0.7222222222222222,0.20689655172413793,0.0456140350877193,0.05,0.016366065464261857,0.7446236559139785,0.23387096774193547,0.04838709677419355,5,13,82,272,SIDI-SLIMANE,mensuel,12,2024,cf,372
0.07068062827225131,0.7032967032967034,0.23821989528795812,0.0886426592797784,0.06053811659192825,-0.021888006220894783,0.6204710144927537,0.34601449275362317,0.08242753623188406,27,64,355,658,SIDI-SLIMANE,annuel,all,2024,cf,1104
0.09036144578313253,0.6341463414634146,0.2469879518072289,0.1262135922330097,0.078125,-0.038679959616355376,0.5241935483870968,0.44623655913978494,0.11021505376344086,15,26,151,180,SIDI-SLIMANE,mensuel,10,2024,hc,372
0.07317073170731707,0.8125,0.3902439024390244,0.09352517985611511,0.05555555555555555,-0.02592758158247653,0.7166666666666667,0.22777777777777777,0.08888888888888889,6,26,76,252,SIDI-SLIMANE,mensuel,11,2024,hc,360
0.047619047619047616,0.8333333333333334,0.2857142857142857,0.04854368932038835,0.038461538461538464,-0.0012919896640826874,0.7983870967741935,0.1693548387096774,0.04838709677419355,3,15,60,294,SIDI-SLIMANE,mensuel,12,2024,hc,372
0.07717041800643087,0.7362637362637363,0.29260450160771706,0.08448928121059268,0.06349206349206349,-0.009323202636322784,0.6793478260869565,0.2817028985507246,0.08242753623188406,24,67,287,726,SIDI-SLIMANE,annuel,all,2024,hc,1104
0.2231404958677686,0.15625,0.2644628099173554,0.0199203187250996,0.21428571428571427,0.2510371756284064,0.7338709677419355,0.32526881720430106,0.08602150537634409,27,5,94,246,TANGER-AERO,mensuel,10,2024,cf,372
0.41818181818181815,0.28125,0.5818181818181818,0.029508196721311476,0.359375,0.46906474820143884,0.8861111111111111,0.1527777777777778,0.08888888888888889,23,9,32,296,TANGER-AERO,mensuel,11,2024,cf,360
0.15384615384615385,0.7,0.5128205128205128,0.042042042042042045,0.11320754716981132,0.14243672748675693,0.8736559139784946,0.10483870967741936,0.053763440860215055,6,14,33,319,TANGER-AERO,mensuel,12,2024,cf,372
0.26046511627906976,0.3333333333333333,0.39069767441860465,0.031496062992125984,0.23045267489711935,0.29773859090538,0.8306159420289855,0.1947463768115942,0.07608695652173914,56,28,159,861,TANGER-AERO,annuel,all,2024,cf,1104
0.32142857142857145,0.4375,0.5714285714285714,0.04430379746835443,0.2571428571428571,0.336443468715697,0.8602150537634409,0.15053763440860216,0.08602150537634409,18,14,38,302,TANGER-AERO,mensuel,10,2024,hc,372
0.9285714285714286,0.59375,2.2857142857142856,0.05491329479768786,0.3939393939393939,0.5403472931562819,0.9444444444444444,0.03888888888888889,0.08888888888888889,13,19,1,327,TANGER-AERO,mensuel,11,2024,hc,360
0.2857142857142857,0.9,2.857142857142857,0.049315068493150684,0.08,0.12371978697255223,0.9381720430107527,0.01881720430107527,0.053763440860215055,2,18,5,347,TANGER-AERO,mensuel,12,2024,hc,372
0.42857142857142855,0.6071428571428571,1.0909090909090908,0.04965920155793573,0.2578125,0.363623125091015,0.9139492753623188,0.06974637681159421,0.07608695652173914,33,51,44,976,TANGER-AERO,annuel,all,2024,hc,1104
0.2876712328767123,0.3076923076923077,0.4155251141552511,0.1830065359477124,0.2550607287449393,0.09294744374652143,0.5053763440860215,0.5887096774193549,0.2446236559139785,63,28,156,125,TETOUAN,mensuel,10,2024,cf,372
0.3975409836065574,0.34459459459459457,0.6065573770491803,0.4396551724137931,0.3288135593220339,-0.03460287970274036,0.45,0.6777777777777778,0.4111111111111111,97,51,147,65,TETOUAN,mensuel,11,2024,cf,360
0.29605263157894735,0.47674418604651164,0.5657894736842105,0.18636363636363637,0.23316062176165803,0.11757917681754071,0.6021505376344086,0.40860215053763443,0.23118279569892472,45,41,107,179,TETOUAN,mensuel,12,2024,cf,372
0.3333333333333333,0.36923076923076925,0.5284552845528455,0.24539877300613497,0.2789115646258503,0.08289838717261484,0.519927536231884,0.5570652173913043,0.29438405797101447,205,120,410,369,TETOUAN,annuel,all,2024,cf,1104
0.3669724770642202,0.5604395604395604,0.8348623853211009,0.19391634980988592,0.25,0.1818481727209413,0.6774193548387096,0.29301075268817206,0.2446236559139785,40,51,69,212,TETOUAN,mensuel,10,2024,hc,372
0.5114503816793893,0.5472972972972973,1.1297709923664123,0.3537117903930131,0.3160377358490566,0.15347690710949663,0.5972222222222222,0.3638888888888889,0.4111111111111111,67,81,64,148,TETOUAN,mensuel,11,2024,hc,360
0.4423076923076923,0.7325581395348837,1.6538461538461537,0.196875,0.2,0.19267786374787696,0.7526881720430108,0.13978494623655913,0.23118279569892472,23,63,29,257,TETOUAN,mensuel,12,2024,hc,372
0.4452054794520548,0.6,1.1130136986301369,0.24014778325123154,0.2669404517453799,0.19789648491558262,0.6766304347826086,0.2644927536231884,0.29438405797101447,130,195,162,617,TETOUAN,annuel,all,2024,hc,1104
