datetime,fls_station,fls_satellite
2024-01-01 00:00:00,0,0
2024-01-01 01:00:00,0,0
2024-01-01 02:00:00,0,0
2024-01-01 03:00:00,0,0
2024-01-01 04:00:00,0,0
2024-01-01 05:00:00,0,0
2024-01-01 18:00:00,0,0
2024-01-01 19:00:00,0,0
2024-01-01 20:00:00,0,0
2024-01-01 21:00:00,0,0
2024-01-01 22:00:00,0,0
2024-01-01 23:00:00,0,0
2024-01-02 00:00:00,0,0
2024-01-02 01:00:00,0,0
2024-01-02 02:00:00,0,0
2024-01-02 03:00:00,0,0
2024-01-02 04:00:00,0,0
2024-01-02 05:00:00,0,0
2024-01-02 18:00:00,0,0
2024-01-02 19:00:00,0,0
2024-01-02 20:00:00,0,0
2024-01-02 21:00:00,0,0
2024-01-02 22:00:00,0,0
2024-01-02 23:00:00,0,0
2024-01-03 00:00:00,0,0
2024-01-03 01:00:00,0,0
2024-01-03 02:00:00,0,0
2024-01-03 03:00:00,0,0
2024-01-03 04:00:00,0,0
2024-01-03 05:00:00,0,0
2024-01-03 18:00:00,0,0
2024-01-03 19:00:00,0,0
2024-01-03 20:00:00,0,0
2024-01-03 21:00:00,0,0
2024-01-03 22:00:00,0,0
2024-01-03 23:00:00,0,0
2024-01-04 00:00:00,0,0
2024-01-04 01:00:00,0,0
2024-01-04 02:00:00,0,0
2024-01-04 03:00:00,0,0
2024-01-04 04:00:00,0,0
2024-01-04 05:00:00,0,0
2024-01-04 18:00:00,0,0
2024-01-04 19:00:00,0,0
2024-01-04 20:00:00,0,0
2024-01-04 21:00:00,0,0
2024-01-04 22:00:00,0,0
2024-01-04 23:00:00,0,0
2024-01-05 00:00:00,1,0
2024-01-05 01:00:00,0,0
2024-01-05 02:00:00,0,0
2024-01-05 03:00:00,1,0
2024-01-05 04:00:00,1,0
2024-01-05 05:00:00,1,1
2024-01-05 18:00:00,0,0
2024-01-05 19:00:00,0,0
2024-01-05 20:00:00,0,0
2024-01-05 21:00:00,0,0
2024-01-05 22:00:00,0,0
2024-01-05 23:00:00,0,0
2024-01-06 00:00:00,0,0
2024-01-06 01:00:00,0,0
2024-01-06 02:00:00,0,0
2024-01-06 03:00:00,0,0
2024-01-06 04:00:00,0,0
2024-01-06 05:00:00,0,0
2024-01-06 18:00:00,0,0
2024-01-06 19:00:00,0,0
2024-01-06 20:00:00,0,0
2024-01-06 21:00:00,0,0
2024-01-06 22:00:00,0,0
2024-01-06 23:00:00,0,0
2024-01-07 00:00:00,0,0
2024-01-07 01:00:00,0,0
2024-01-07 02:00:00,0,0
2024-01-07 03:00:00,0,0
2024-01-07 04:00:00,0,0
2024-01-07 05:00:00,0,0
2024-01-07 18:00:00,0,0
2024-01-07 19:00:00,0,0
2024-01-07 20:00:00,0,0
2024-01-07 21:00:00,0,0
2024-01-07 22:00:00,0,0
2024-01-07 23:00:00,0,0
2024-01-08 00:00:00,0,0
2024-01-08 01:00:00,0,0
2024-01-08 02:00:00,0,0
2024-01-08 03:00:00,0,0
2024-01-08 04:00:00,0,0
2024-01-08 05:00:00,0,0
2024-01-08 18:00:00,0,0
2024-01-08 19:00:00,0,0
2024-01-08 20:00:00,0,0
2024-01-08 21:00:00,0,0
2024-01-08 22:00:00,0,0
2024-01-08 23:00:00,0,0
2024-01-09 00:00:00,0,0
2024-01-09 01:00:00,0,0
2024-01-09 02:00:00,0,0
2024-01-09 03:00:00,0,0
2024-01-09 04:00:00,0,0
2024-01-09 05:00:00,0,0
2024-01-09 18:00:00,0,0
2024-01-09 19:00:00,0,0
2024-01-09 20:00:00,0,0
2024-01-09 21:00:00,0,0
2024-01-09 22:00:00,0,0
2024-01-09 23:00:00,0,0
2024-01-10 00:00:00,0,0
2024-01-10 01:00:00,0,0
2024-01-10 02:00:00,0,0
2024-01-10 03:00:00,0,0
2024-01-10 04:00:00,0,0
2024-01-10 05:00:00,0,0
2024-01-10 18:00:00,0,0
2024-01-10 19:00:00,0,0
2024-01-10 20:00:00,0,0
2024-01-10 21:00:00,0,0
2024-01-10 22:00:00,0,0
2024-01-10 23:00:00,0,0
2024-01-11 00:00:00,0,0
2024-01-11 01:00:00,0,0
2024-01-11 02:00:00,0,0
2024-01-11 03:00:00,0,0
2024-01-11 04:00:00,0,0
2024-01-11 05:00:00,0,0
2024-01-11 18:00:00,0,0
2024-01-11 19:00:00,0,0
2024-01-11 20:00:00,0,0
2024-01-11 21:00:00,0,0
2024-01-11 22:00:00,0,0
2024-01-11 23:00:00,0,0
2024-01-12 00:00:00,0,0
2024-01-12 01:00:00,0,0
2024-01-12 02:00:00,0,0
2024-01-12 03:00:00,0,0
2024-01-12 04:00:00,0,0
2024-01-12 05:00:00,0,0
2024-01-12 18:00:00,0,0
2024-01-12 19:00:00,0,0
2024-01-12 20:00:00,0,0
2024-01-12 21:00:00,0,0
2024-01-12 22:00:00,0,0
2024-01-12 23:00:00,0,0
2024-01-13 00:00:00,0,0
2024-01-13 01:00:00,0,0
2024-01-13 02:00:00,0,0
2024-01-13 03:00:00,0,0
2024-01-13 04:00:00,0,0
2024-01-13 05:00:00,0,0
2024-01-13 18:00:00,0,0
2024-01-13 19:00:00,0,0
2024-01-13 20:00:00,0,0
2024-01-13 21:00:00,0,0
2024-01-13 22:00:00,0,0
2024-01-13 23:00:00,0,0
2024-01-14 00:00:00,0,0
2024-01-14 01:00:00,0,0
2024-01-14 02:00:00,0,0
2024-01-14 03:00:00,0,0
2024-01-14 04:00:00,0,0
2024-01-14 05:00:00,0,0
2024-01-14 18:00:00,0,0
2024-01-14 19:00:00,0,0
2024-01-14 20:00:00,0,0
2024-01-14 21:00:00,0,0
2024-01-14 22:00:00,0,0
2024-01-14 23:00:00,0,0
2024-01-15 00:00:00,0,0
2024-01-15 01:00:00,0,0
2024-01-15 02:00:00,0,0
2024-01-15 03:00:00,0,0
2024-01-15 04:00:00,0,0
2024-01-15 05:00:00,0,0
2024-01-15 18:00:00,0,0
2024-01-15 19:00:00,0,0
2024-01-15 20:00:00,0,0
2024-01-15 21:00:00,0,0
2024-01-15 22:00:00,0,0
2024-01-15 23:00:00,0,0
2024-01-16 00:00:00,0,0
2024-01-16 01:00:00,0,0
2024-01-16 02:00:00,0,0
2024-01-16 03:00:00,0,0
2024-01-16 04:00:00,0,0
2024-01-16 05:00:00,0,0
2024-01-16 18:00:00,0,0
2024-01-16 19:00:00,0,0
2024-01-16 20:00:00,0,0
2024-01-16 21:00:00,0,0
2024-01-16 22:00:00,0,0
2024-01-16 23:00:00,0,0
2024-01-17 00:00:00,0,0
2024-01-17 01:00:00,0,0
2024-01-17 02:00:00,0,0
2024-01-17 03:00:00,0,0
2024-01-17 04:00:00,0,0
2024-01-17 05:00:00,0,0
2024-01-17 18:00:00,0,0
2024-01-17 19:00:00,0,0
2024-01-17 20:00:00,0,0
2024-01-17 21:00:00,0,0
2024-01-17 22:00:00,0,0
2024-01-17 23:00:00,0,0
2024-01-18 00:00:00,0,0
2024-01-18 01:00:00,0,0
2024-01-18 02:00:00,0,0
2024-01-18 03:00:00,0,0
2024-01-18 04:00:00,0,0
2024-01-18 05:00:00,0,0
2024-01-18 18:00:00,0,0
2024-01-18 19:00:00,0,0
2024-01-18 20:00:00,0,0
2024-01-18 21:00:00,0,0
2024-01-18 22:00:00,0,0
2024-01-18 23:00:00,0,0
2024-01-19 00:00:00,0,0
2024-01-19 01:00:00,0,0
2024-01-19 02:00:00,0,0
2024-01-19 03:00:00,0,0
2024-01-19 04:00:00,0,0
2024-01-19 05:00:00,0,0
2024-01-19 18:00:00,0,0
2024-01-19 19:00:00,0,0
2024-01-19 20:00:00,0,0
2024-01-19 21:00:00,0,0
2024-01-19 22:00:00,0,0
2024-01-19 23:00:00,0,0
2024-01-20 00:00:00,0,0
2024-01-20 01:00:00,0,0
2024-01-20 02:00:00,0,0
2024-01-20 03:00:00,0,0
2024-01-20 04:00:00,1,0
2024-01-20 05:00:00,1,0
2024-01-20 18:00:00,0,0
2024-01-20 19:00:00,0,0
2024-01-20 20:00:00,0,0
2024-01-20 21:00:00,0,0
2024-01-20 22:00:00,0,0
2024-01-20 23:00:00,0,0
2024-01-21 00:00:00,0,0
2024-01-21 01:00:00,0,0
2024-01-21 02:00:00,0,0
2024-01-21 03:00:00,0,0
2024-01-21 04:00:00,0,0
2024-01-21 05:00:00,0,0
2024-01-21 18:00:00,0,0
2024-01-21 19:00:00,0,0
2024-01-21 20:00:00,0,0
2024-01-21 21:00:00,0,0
2024-01-21 22:00:00,0,0
2024-01-21 23:00:00,0,0
2024-01-22 00:00:00,0,0
2024-01-22 01:00:00,0,0
2024-01-22 02:00:00,0,0
2024-01-22 03:00:00,0,0
2024-01-22 04:00:00,0,0
2024-01-22 05:00:00,0,0
2024-01-22 18:00:00,0,0
2024-01-22 19:00:00,0,0
2024-01-22 20:00:00,0,0
2024-01-22 21:00:00,0,0
2024-01-22 22:00:00,0,0
2024-01-22 23:00:00,0,0
2024-01-23 00:00:00,0,0
2024-01-23 01:00:00,0,0
2024-01-23 02:00:00,0,0
2024-01-23 03:00:00,0,0
2024-01-23 04:00:00,0,0
2024-01-23 05:00:00,0,0
2024-01-23 18:00:00,0,0
2024-01-23 19:00:00,0,0
2024-01-23 20:00:00,0,0
2024-01-23 21:00:00,0,0
2024-01-23 22:00:00,0,0
2024-01-23 23:00:00,0,0
2024-01-24 00:00:00,0,0
2024-01-24 01:00:00,0,0
2024-01-24 02:00:00,0,0
2024-01-24 03:00:00,0,0
2024-01-24 04:00:00,0,0
2024-01-24 05:00:00,0,0
2024-01-24 18:00:00,0,0
2024-01-24 19:00:00,0,0
2024-01-24 20:00:00,0,0
2024-01-24 21:00:00,0,0
2024-01-24 22:00:00,0,0
2024-01-24 23:00:00,0,0
2024-01-25 00:00:00,0,0
2024-01-25 01:00:00,0,0
2024-01-25 02:00:00,0,0
2024-01-25 03:00:00,0,0
2024-01-25 04:00:00,0,0
2024-01-25 05:00:00,0,0
2024-01-25 18:00:00,0,0
2024-01-25 19:00:00,0,0
2024-01-25 20:00:00,0,0
2024-01-25 21:00:00,0,0
2024-01-25 22:00:00,0,0
2024-01-25 23:00:00,0,0
2024-01-26 00:00:00,0,0
2024-01-26 01:00:00,0,0
2024-01-26 02:00:00,0,0
2024-01-26 03:00:00,0,0
2024-01-26 04:00:00,0,0
2024-01-26 05:00:00,0,0
2024-01-26 18:00:00,0,0
2024-01-26 19:00:00,0,0
2024-01-26 20:00:00,0,0
2024-01-26 21:00:00,0,0
2024-01-26 22:00:00,0,0
2024-01-26 23:00:00,0,0
2024-01-27 00:00:00,0,0
2024-01-27 01:00:00,0,0
2024-01-27 02:00:00,0,0
2024-01-27 03:00:00,0,0
2024-01-27 04:00:00,0,0
2024-01-27 05:00:00,0,0
2024-01-27 18:00:00,0,0
2024-01-27 19:00:00,0,0
2024-01-27 20:00:00,0,0
2024-01-27 21:00:00,0,0
2024-01-27 22:00:00,0,0
2024-01-27 23:00:00,0,0
2024-01-28 00:00:00,0,0
2024-01-28 01:00:00,0,0
2024-01-28 02:00:00,0,0
2024-01-28 03:00:00,0,0
2024-01-28 04:00:00,0,0
2024-01-28 05:00:00,0,0
2024-01-28 18:00:00,0,0
2024-01-28 19:00:00,0,0
2024-01-28 20:00:00,0,0
2024-01-28 21:00:00,0,0
2024-01-28 22:00:00,0,0
2024-01-28 23:00:00,0,0
2024-01-29 00:00:00,0,0
2024-01-29 01:00:00,0,0
2024-01-29 02:00:00,0,0
2024-01-29 03:00:00,0,0
2024-01-29 04:00:00,0,0
2024-01-29 05:00:00,0,0
2024-01-29 18:00:00,0,0
2024-01-29 19:00:00,0,0
2024-01-29 20:00:00,0,0
2024-01-29 21:00:00,0,0
2024-01-29 22:00:00,0,0
2024-01-29 23:00:00,0,0
2024-01-30 00:00:00,0,0
2024-01-30 01:00:00,0,0
2024-01-30 02:00:00,0,0
2024-01-30 03:00:00,0,0
2024-01-30 04:00:00,0,0
2024-01-30 05:00:00,0,0
2024-01-30 18:00:00,0,0
2024-01-30 19:00:00,0,0
2024-01-30 20:00:00,0,0
2024-01-30 21:00:00,0,0
2024-01-30 22:00:00,0,0
2024-01-30 23:00:00,0,0
2024-01-31 00:00:00,0,0
2024-01-31 01:00:00,0,0
2024-01-31 02:00:00,0,0
2024-01-31 03:00:00,0,0
2024-01-31 04:00:00,0,0
2024-01-31 05:00:00,0,0
2024-01-31 18:00:00,0,0
2024-01-31 19:00:00,0,0
2024-01-31 20:00:00,0,0
2024-01-31 21:00:00,0,0
2024-01-31 22:00:00,0,0
2024-01-31 23:00:00,0,0
2024-02-01 00:00:00,0,0
2024-02-01 01:00:00,0,0
2024-02-01 02:00:00,0,0
2024-02-01 03:00:00,0,0
2024-02-01 04:00:00,0,0
2024-02-01 05:00:00,0,0
2024-02-01 18:00:00,0,0
2024-02-01 19:00:00,0,0
2024-02-01 20:00:00,0,0
2024-02-01 21:00:00,0,0
2024-02-01 22:00:00,0,0
2024-02-01 23:00:00,0,0
2024-02-02 00:00:00,0,0
2024-02-02 01:00:00,0,0
2024-02-02 02:00:00,0,0
2024-02-02 03:00:00,0,0
2024-02-02 04:00:00,0,0
2024-02-02 05:00:00,0,0
2024-02-02 18:00:00,0,0
2024-02-02 19:00:00,0,0
2024-02-02 20:00:00,0,0
2024-02-02 21:00:00,0,0
2024-02-02 22:00:00,0,0
2024-02-02 23:00:00,0,0
2024-02-03 00:00:00,0,0
2024-02-03 01:00:00,0,0
2024-02-03 02:00:00,0,0
2024-02-03 03:00:00,0,0
2024-02-03 04:00:00,0,0
2024-02-03 05:00:00,0,0
2024-02-03 18:00:00,0,0
2024-02-03 19:00:00,0,0
2024-02-03 20:00:00,0,0
2024-02-03 21:00:00,0,0
2024-02-03 22:00:00,0,0
2024-02-03 23:00:00,0,0
2024-02-04 00:00:00,0,0
2024-02-04 01:00:00,0,0
2024-02-04 02:00:00,0,0
2024-02-04 03:00:00,0,0
2024-02-04 04:00:00,0,0
2024-02-04 05:00:00,0,0
2024-02-04 18:00:00,0,0
2024-02-04 19:00:00,0,0
2024-02-04 20:00:00,0,0
2024-02-04 21:00:00,0,0
2024-02-04 22:00:00,0,0
2024-02-04 23:00:00,0,0
2024-02-05 00:00:00,0,0
2024-02-05 01:00:00,0,0
2024-02-05 02:00:00,0,0
2024-02-05 03:00:00,0,0
2024-02-05 04:00:00,0,0
2024-02-05 05:00:00,0,0
2024-02-05 18:00:00,0,0
2024-02-05 19:00:00,0,0
2024-02-05 20:00:00,0,0
2024-02-05 21:00:00,0,0
2024-02-05 22:00:00,0,0
2024-02-05 23:00:00,0,0
2024-02-06 00:00:00,0,0
2024-02-06 01:00:00,0,0
2024-02-06 02:00:00,0,0
2024-02-06 03:00:00,0,0
2024-02-06 04:00:00,0,0
2024-02-06 05:00:00,0,0
2024-02-06 18:00:00,0,0
2024-02-06 19:00:00,0,0
2024-02-06 20:00:00,0,0
2024-02-06 21:00:00,0,0
2024-02-06 22:00:00,0,0
2024-02-06 23:00:00,0,0
2024-02-07 00:00:00,0,0
2024-02-07 01:00:00,0,0
2024-02-07 02:00:00,0,0
2024-02-07 03:00:00,0,0
2024-02-07 04:00:00,0,0
2024-02-07 05:00:00,0,0
2024-02-07 18:00:00,0,0
2024-02-07 19:00:00,0,0
2024-02-07 20:00:00,0,0
2024-02-07 21:00:00,0,0
2024-02-07 22:00:00,0,0
2024-02-07 23:00:00,0,0
2024-02-08 00:00:00,0,0
2024-02-08 01:00:00,0,0
2024-02-08 02:00:00,0,0
2024-02-08 03:00:00,0,0
2024-02-08 04:00:00,0,0
2024-02-08 05:00:00,0,0
2024-02-08 18:00:00,0,0
2024-02-08 19:00:00,0,0
2024-02-08 20:00:00,0,0
2024-02-08 21:00:00,0,0
2024-02-08 22:00:00,0,0
2024-02-08 23:00:00,0,0
2024-02-09 00:00:00,0,0
2024-02-09 01:00:00,0,0
2024-02-09 02:00:00,0,0
2024-02-09 03:00:00,0,0
2024-02-09 04:00:00,0,0
2024-02-09 05:00:00,0,0
2024-02-09 18:00:00,1,0
2024-02-09 19:00:00,1,0
2024-02-09 20:00:00,1,0
2024-02-09 21:00:00,1,0
2024-02-09 22:00:00,1,0
2024-02-09 23:00:00,1,0
2024-02-10 00:00:00,1,0
2024-02-10 01:00:00,1,0
2024-02-10 02:00:00,1,0
2024-02-10 03:00:00,1,0
2024-02-10 04:00:00,1,0
2024-02-10 05:00:00,1,0
2024-02-10 18:00:00,0,0
2024-02-10 19:00:00,0,0
2024-02-10 20:00:00,0,0
2024-02-10 21:00:00,0,0
2024-02-10 22:00:00,0,0
2024-02-10 23:00:00,0,0
2024-02-11 00:00:00,0,0
2024-02-11 01:00:00,0,0
2024-02-11 02:00:00,0,0
2024-02-11 03:00:00,0,0
2024-02-11 04:00:00,0,0
2024-02-11 05:00:00,0,0
2024-02-11 18:00:00,0,0
2024-02-11 19:00:00,0,0
2024-02-11 20:00:00,0,0
2024-02-11 21:00:00,0,0
2024-02-11 22:00:00,0,0
2024-02-11 23:00:00,0,0
2024-02-12 00:00:00,0,0
2024-02-12 01:00:00,0,0
2024-02-12 02:00:00,0,0
2024-02-12 03:00:00,0,0
2024-02-12 04:00:00,0,0
2024-02-12 05:00:00,0,0
2024-02-12 18:00:00,0,0
2024-02-12 19:00:00,0,0
2024-02-12 20:00:00,0,0
2024-02-12 21:00:00,0,0
2024-02-12 22:00:00,0,0
2024-02-12 23:00:00,0,0
2024-02-13 00:00:00,0,0
2024-02-13 01:00:00,0,0
2024-02-13 02:00:00,0,0
2024-02-13 03:00:00,0,0
2024-02-13 04:00:00,0,0
2024-02-13 05:00:00,0,0
2024-02-13 18:00:00,0,0
2024-02-13 19:00:00,0,0
2024-02-13 20:00:00,0,0
2024-02-13 21:00:00,0,0
2024-02-13 22:00:00,0,0
2024-02-13 23:00:00,0,0
2024-02-14 00:00:00,0,0
2024-02-14 01:00:00,0,0
2024-02-14 02:00:00,0,0
2024-02-14 03:00:00,0,0
2024-02-14 04:00:00,0,0
2024-02-14 05:00:00,0,0
2024-02-14 18:00:00,0,0
2024-02-14 19:00:00,0,0
2024-02-14 20:00:00,0,0
2024-02-14 21:00:00,0,0
2024-02-14 22:00:00,0,0
2024-02-14 23:00:00,0,0
2024-02-15 00:00:00,0,0
2024-02-15 01:00:00,0,0
2024-02-15 02:00:00,0,0
2024-02-15 03:00:00,0,0
2024-02-15 04:00:00,0,0
2024-02-15 05:00:00,0,0
2024-02-15 18:00:00,0,0
2024-02-15 19:00:00,0,0
2024-02-15 20:00:00,0,0
2024-02-15 21:00:00,0,0
2024-02-15 22:00:00,0,0
2024-02-15 23:00:00,0,0
2024-02-16 00:00:00,0,0
2024-02-16 01:00:00,0,0
2024-02-16 02:00:00,0,0
2024-02-16 03:00:00,0,0
2024-02-16 04:00:00,0,0
2024-02-16 05:00:00,0,0
2024-02-16 18:00:00,0,0
2024-02-16 19:00:00,0,0
2024-02-16 20:00:00,0,0
2024-02-16 21:00:00,0,0
2024-02-16 22:00:00,0,0
2024-02-16 23:00:00,0,0
2024-02-17 00:00:00,0,0
2024-02-17 01:00:00,0,0
2024-02-17 02:00:00,0,0
2024-02-17 03:00:00,0,0
2024-02-17 04:00:00,0,0
2024-02-17 05:00:00,0,0
2024-02-17 18:00:00,0,0
2024-02-17 19:00:00,0,0
2024-02-17 20:00:00,0,0
2024-02-17 21:00:00,0,0
2024-02-17 22:00:00,0,0
2024-02-17 23:00:00,0,0
2024-02-18 00:00:00,0,0
2024-02-18 01:00:00,0,0
2024-02-18 02:00:00,0,0
2024-02-18 03:00:00,0,0
2024-02-18 04:00:00,0,0
2024-02-18 05:00:00,0,0
2024-02-18 18:00:00,0,0
2024-02-18 19:00:00,0,0
2024-02-18 20:00:00,0,0
2024-02-18 21:00:00,0,0
2024-02-18 22:00:00,0,0
2024-02-18 23:00:00,0,0
2024-02-19 00:00:00,0,0
2024-02-19 01:00:00,0,0
2024-02-19 02:00:00,0,0
2024-02-19 03:00:00,0,0
2024-02-19 04:00:00,0,0
2024-02-19 05:00:00,0,0
2024-02-19 18:00:00,0,0
2024-02-19 19:00:00,0,0
2024-02-19 20:00:00,0,0
2024-02-19 21:00:00,0,0
2024-02-19 22:00:00,0,0
2024-02-19 23:00:00,0,0
2024-02-20 00:00:00,0,0
2024-02-20 01:00:00,0,0
2024-02-20 02:00:00,0,0
2024-02-20 03:00:00,0,0
2024-02-20 04:00:00,0,0
2024-02-20 05:00:00,0,0
2024-02-20 18:00:00,0,0
2024-02-20 19:00:00,0,0
2024-02-20 20:00:00,0,0
2024-02-20 21:00:00,0,0
2024-02-20 22:00:00,0,0
2024-02-20 23:00:00,0,0
2024-02-21 00:00:00,0,0
2024-02-21 01:00:00,0,0
2024-02-21 02:00:00,0,0
2024-02-21 03:00:00,0,0
2024-02-21 04:00:00,0,0
2024-02-21 05:00:00,0,0
2024-02-21 18:00:00,0,0
2024-02-21 19:00:00,0,0
2024-02-21 20:00:00,0,0
2024-02-21 21:00:00,0,0
2024-02-21 22:00:00,0,0
2024-02-21 23:00:00,0,0
2024-02-22 00:00:00,0,0
2024-02-22 01:00:00,0,0
2024-02-22 02:00:00,0,0
2024-02-22 03:00:00,0,0
2024-02-22 04:00:00,0,0
2024-02-22 05:00:00,0,0
2024-02-22 18:00:00,0,0
2024-02-22 19:00:00,0,0
2024-02-22 20:00:00,0,0
2024-02-22 21:00:00,0,0
2024-02-22 22:00:00,0,0
2024-02-22 23:00:00,0,0
2024-02-23 00:00:00,0,0
2024-02-23 01:00:00,0,0
2024-02-23 02:00:00,0,0
2024-02-23 03:00:00,1,0
2024-02-23 04:00:00,1,0
2024-02-23 05:00:00,1,0
2024-02-23 18:00:00,0,0
2024-02-23 19:00:00,0,0
2024-02-23 20:00:00,0,1
2024-02-23 21:00:00,0,1
2024-02-23 22:00:00,0,1
2024-02-23 23:00:00,0,0
2024-02-24 00:00:00,0,0
2024-02-24 01:00:00,0,0
2024-02-24 02:00:00,0,0
2024-02-24 03:00:00,0,0
2024-02-24 04:00:00,0,0
2024-02-24 05:00:00,0,0
2024-02-24 18:00:00,0,0
2024-02-24 19:00:00,0,0
2024-02-24 20:00:00,0,0
2024-02-24 21:00:00,0,0
2024-02-24 22:00:00,0,0
2024-02-24 23:00:00,0,0
2024-02-25 00:00:00,0,0
2024-02-25 01:00:00,0,0
2024-02-25 02:00:00,0,0
2024-02-25 03:00:00,0,0
2024-02-25 04:00:00,0,0
2024-02-25 05:00:00,0,0
2024-02-25 18:00:00,0,0
2024-02-25 19:00:00,0,0
2024-02-25 20:00:00,0,0
2024-02-25 21:00:00,0,0
2024-02-25 22:00:00,0,0
2024-02-25 23:00:00,0,0
2024-02-26 00:00:00,0,0
2024-02-26 01:00:00,0,0
2024-02-26 02:00:00,0,0
2024-02-26 03:00:00,0,0
2024-02-26 04:00:00,0,0
2024-02-26 05:00:00,0,0
2024-02-26 18:00:00,0,0
2024-02-26 19:00:00,0,0
2024-02-26 20:00:00,0,0
2024-02-26 21:00:00,1,0
2024-02-26 22:00:00,1,0
2024-02-26 23:00:00,1,0
2024-02-27 00:00:00,1,1
2024-02-27 01:00:00,1,0
2024-02-27 02:00:00,1,0
2024-02-27 03:00:00,1,0
2024-02-27 04:00:00,1,0
2024-02-27 05:00:00,0,0
2024-02-27 18:00:00,0,0
2024-02-27 19:00:00,0,0
2024-02-27 20:00:00,0,0
2024-02-27 21:00:00,0,0
2024-02-27 22:00:00,0,0
2024-02-27 23:00:00,0,0
2024-02-28 00:00:00,0,0
2024-02-28 01:00:00,0,0
2024-02-28 02:00:00,0,0
2024-02-28 03:00:00,0,0
2024-02-28 04:00:00,0,0
2024-02-28 05:00:00,0,0
2024-02-28 18:00:00,0,0
2024-02-28 19:00:00,0,0
2024-02-28 20:00:00,0,0
2024-02-28 21:00:00,0,0
2024-02-28 22:00:00,0,0
2024-02-28 23:00:00,0,0
2024-02-29 00:00:00,0,0
2024-02-29 01:00:00,0,0
2024-02-29 02:00:00,0,0
2024-02-29 03:00:00,0,0
2024-02-29 04:00:00,0,0
2024-02-29 05:00:00,0,0
2024-02-29 18:00:00,0,0
2024-02-29 19:00:00,0,0
2024-02-29 20:00:00,0,0
2024-02-29 21:00:00,0,0
2024-02-29 22:00:00,0,0
2024-02-29 23:00:00,0,0
2024-03-01 00:00:00,0,0
2024-03-01 01:00:00,0,0
2024-03-01 02:00:00,0,0
2024-03-01 03:00:00,0,0
2024-03-01 04:00:00,0,0
2024-03-01 05:00:00,0,0
2024-03-01 18:00:00,0,0
2024-03-01 19:00:00,0,0
2024-03-01 20:00:00,0,0
2024-03-01 21:00:00,0,0
2024-03-01 22:00:00,0,0
2024-03-01 23:00:00,0,0
2024-03-02 00:00:00,0,0
2024-03-02 01:00:00,0,0
2024-03-02 02:00:00,0,0
2024-03-02 03:00:00,0,0
2024-03-02 04:00:00,0,0
2024-03-02 05:00:00,0,0
2024-03-02 18:00:00,0,0
2024-03-02 19:00:00,0,0
2024-03-02 20:00:00,0,0
2024-03-02 21:00:00,0,0
2024-03-02 22:00:00,0,0
2024-03-02 23:00:00,0,0
2024-03-03 00:00:00,0,0
2024-03-03 01:00:00,0,0
2024-03-03 02:00:00,0,0
2024-03-03 03:00:00,0,0
2024-03-03 04:00:00,0,0
2024-03-03 05:00:00,0,0
2024-03-03 18:00:00,0,0
2024-03-03 19:00:00,0,0
2024-03-03 20:00:00,0,0
2024-03-03 21:00:00,0,0
2024-03-03 22:00:00,0,0
2024-03-03 23:00:00,0,0
2024-03-04 00:00:00,0,0
2024-03-04 01:00:00,0,0
2024-03-04 02:00:00,0,0
2024-03-04 03:00:00,0,0
2024-03-04 04:00:00,0,0
2024-03-04 05:00:00,0,0
2024-03-04 18:00:00,0,0
2024-03-04 19:00:00,0,0
2024-03-04 20:00:00,0,0
2024-03-04 21:00:00,0,0
2024-03-04 22:00:00,0,0
2024-03-04 23:00:00,0,0
2024-03-05 00:00:00,0,0
2024-03-05 01:00:00,0,0
2024-03-05 02:00:00,0,0
2024-03-05 03:00:00,0,0
2024-03-05 04:00:00,0,0
2024-03-05 05:00:00,0,0
2024-03-05 18:00:00,0,0
2024-03-05 19:00:00,0,0
2024-03-05 20:00:00,0,0
2024-03-05 21:00:00,0,0
2024-03-05 22:00:00,0,0
2024-03-05 23:00:00,0,0
2024-03-06 00:00:00,0,0
2024-03-06 01:00:00,0,0
2024-03-06 02:00:00,0,0
2024-03-06 03:00:00,0,0
2024-03-06 04:00:00,0,0
2024-03-06 05:00:00,0,0
2024-03-06 18:00:00,0,0
2024-03-06 19:00:00,0,0
2024-03-06 20:00:00,0,0
2024-03-06 21:00:00,0,0
2024-03-06 22:00:00,0,0
2024-03-06 23:00:00,0,0
2024-03-07 00:00:00,0,0
2024-03-07 01:00:00,0,0
2024-03-07 02:00:00,0,0
2024-03-07 03:00:00,0,0
2024-03-07 04:00:00,0,0
2024-03-07 05:00:00,0,0
2024-03-07 18:00:00,0,0
2024-03-07 19:00:00,0,0
2024-03-07 20:00:00,1,0
2024-03-07 21:00:00,1,0
2024-03-07 22:00:00,1,0
2024-03-07 23:00:00,1,0
2024-03-08 00:00:00,1,0
2024-03-08 01:00:00,1,0
2024-03-08 02:00:00,1,0
2024-03-08 03:00:00,1,0
2024-03-08 04:00:00,1,0
2024-03-08 05:00:00,1,0
2024-03-08 18:00:00,0,0
2024-03-08 19:00:00,0,0
2024-03-08 20:00:00,0,0
2024-03-08 21:00:00,0,0
2024-03-08 22:00:00,0,0
2024-03-08 23:00:00,0,0
2024-03-09 00:00:00,0,0
2024-03-09 01:00:00,0,0
2024-03-09 02:00:00,0,0
2024-03-09 03:00:00,0,0
2024-03-09 04:00:00,0,0
2024-03-09 05:00:00,0,0
2024-03-09 18:00:00,0,0
2024-03-09 19:00:00,0,0
2024-03-09 20:00:00,0,0
2024-03-09 21:00:00,0,0
2024-03-09 22:00:00,0,0
2024-03-09 23:00:00,0,0
2024-03-10 00:00:00,0,0
2024-03-10 01:00:00,0,0
2024-03-10 02:00:00,0,0
2024-03-10 03:00:00,0,0
2024-03-10 04:00:00,1,0
2024-03-10 05:00:00,1,0
2024-03-10 18:00:00,0,0
2024-03-10 19:00:00,0,0
2024-03-10 20:00:00,0,0
2024-03-10 21:00:00,0,0
2024-03-10 22:00:00,0,0
2024-03-10 23:00:00,0,0
2024-03-11 00:00:00,0,0
2024-03-11 01:00:00,0,0
2024-03-11 02:00:00,0,0
2024-03-11 03:00:00,0,0
2024-03-11 04:00:00,1,0
2024-03-11 05:00:00,1,0
2024-03-11 18:00:00,0,0
2024-03-11 19:00:00,0,0
2024-03-11 20:00:00,0,0
2024-03-11 21:00:00,0,0
2024-03-11 22:00:00,0,0
2024-03-11 23:00:00,0,0
2024-03-12 00:00:00,0,0
2024-03-12 01:00:00,0,0
2024-03-12 02:00:00,0,0
2024-03-12 03:00:00,0,0
2024-03-12 04:00:00,0,0
2024-03-12 05:00:00,0,0
2024-03-12 18:00:00,0,0
2024-03-12 19:00:00,0,0
2024-03-12 20:00:00,0,0
2024-03-12 21:00:00,0,0
2024-03-12 22:00:00,0,0
2024-03-12 23:00:00,0,0
2024-03-13 00:00:00,0,0
2024-03-13 01:00:00,0,0
2024-03-13 02:00:00,0,0
2024-03-13 03:00:00,0,0
2024-03-13 04:00:00,0,0
2024-03-13 05:00:00,0,0
2024-03-13 18:00:00,1,0
2024-03-13 19:00:00,1,0
2024-03-13 20:00:00,1,0
2024-03-13 21:00:00,1,0
2024-03-13 22:00:00,0,0
2024-03-13 23:00:00,0,0
2024-03-14 00:00:00,0,0
2024-03-14 01:00:00,0,1
2024-03-14 02:00:00,0,0
2024-03-14 03:00:00,0,0
2024-03-14 04:00:00,0,0
2024-03-14 05:00:00,0,0
2024-03-14 18:00:00,0,0
2024-03-14 19:00:00,0,0
2024-03-14 20:00:00,0,0
2024-03-14 21:00:00,0,0
2024-03-14 22:00:00,0,0
2024-03-14 23:00:00,0,0
2024-03-15 00:00:00,0,0
2024-03-15 01:00:00,0,0
2024-03-15 02:00:00,0,0
2024-03-15 03:00:00,0,0
2024-03-15 04:00:00,0,0
2024-03-15 05:00:00,0,0
2024-03-15 18:00:00,0,0
2024-03-15 19:00:00,0,0
2024-03-15 20:00:00,0,0
2024-03-15 21:00:00,0,0
2024-03-15 22:00:00,0,0
2024-03-15 23:00:00,0,0
2024-03-16 00:00:00,0,0
2024-03-16 01:00:00,0,0
2024-03-16 02:00:00,0,0
2024-03-16 03:00:00,0,0
2024-03-16 04:00:00,0,0
2024-03-16 05:00:00,0,0
2024-03-16 18:00:00,0,0
2024-03-16 19:00:00,0,0
2024-03-16 20:00:00,0,0
2024-03-16 21:00:00,0,0
2024-03-16 22:00:00,0,0
2024-03-16 23:00:00,0,0
2024-03-17 00:00:00,0,0
2024-03-17 01:00:00,0,0
2024-03-17 02:00:00,0,0
2024-03-17 03:00:00,0,0
2024-03-17 04:00:00,0,0
2024-03-17 05:00:00,0,0
2024-03-17 18:00:00,0,0
2024-03-17 19:00:00,0,0
2024-03-17 20:00:00,0,0
2024-03-17 21:00:00,0,0
2024-03-17 22:00:00,0,0
2024-03-17 23:00:00,0,0
2024-03-18 00:00:00,0,0
2024-03-18 01:00:00,0,0
2024-03-18 02:00:00,0,0
2024-03-18 03:00:00,0,0
2024-03-18 04:00:00,0,0
2024-03-18 05:00:00,0,0
2024-03-18 18:00:00,0,0
2024-03-18 19:00:00,0,0
2024-03-18 20:00:00,0,0
2024-03-18 21:00:00,0,0
2024-03-18 22:00:00,0,0
2024-03-18 23:00:00,0,0
2024-03-19 00:00:00,0,0
2024-03-19 01:00:00,0,0
2024-03-19 02:00:00,0,0
2024-03-19 03:00:00,0,0
2024-03-19 04:00:00,0,0
2024-03-19 05:00:00,0,0
2024-03-19 18:00:00,0,0
2024-03-19 19:00:00,0,0
2024-03-19 20:00:00,0,0
2024-03-19 21:00:00,0,0
2024-03-19 22:00:00,0,0
2024-03-19 23:00:00,0,0
2024-03-20 00:00:00,0,0
2024-03-20 01:00:00,0,0
2024-03-20 02:00:00,0,0
2024-03-20 03:00:00,0,0
2024-03-20 04:00:00,1,0
2024-03-20 05:00:00,1,0
2024-03-20 18:00:00,0,0
2024-03-20 19:00:00,0,0
2024-03-20 20:00:00,0,0
2024-03-20 21:00:00,0,0
2024-03-20 22:00:00,0,0
2024-03-20 23:00:00,0,0
2024-03-21 00:00:00,0,0
2024-03-21 01:00:00,0,0
2024-03-21 02:00:00,0,0
2024-03-21 03:00:00,0,0
2024-03-21 04:00:00,0,0
2024-03-21 05:00:00,0,0
2024-03-21 18:00:00,0,0
2024-03-21 19:00:00,0,0
2024-03-21 20:00:00,0,0
2024-03-21 21:00:00,0,0
2024-03-21 22:00:00,0,0
2024-03-21 23:00:00,0,0
2024-03-22 00:00:00,0,0
2024-03-22 01:00:00,0,0
2024-03-22 02:00:00,0,0
2024-03-22 03:00:00,0,0
2024-03-22 04:00:00,0,0
2024-03-22 05:00:00,0,0
2024-03-22 18:00:00,0,0
2024-03-22 19:00:00,0,1
2024-03-22 20:00:00,0,0
2024-03-22 21:00:00,0,0
2024-03-22 22:00:00,0,0
2024-03-22 23:00:00,0,0
2024-03-23 00:00:00,0,0
2024-03-23 01:00:00,0,0
2024-03-23 02:00:00,0,0
2024-03-23 03:00:00,0,0
2024-03-23 04:00:00,0,0
2024-03-23 05:00:00,0,0
2024-03-23 18:00:00,0,0
2024-03-23 19:00:00,0,0
2024-03-23 20:00:00,0,0
2024-03-23 21:00:00,0,0
2024-03-23 22:00:00,0,0
2024-03-23 23:00:00,0,1
2024-03-24 00:00:00,1,0
2024-03-24 01:00:00,1,1
2024-03-24 02:00:00,1,1
2024-03-24 03:00:00,1,0
2024-03-24 04:00:00,1,0
2024-03-24 05:00:00,1,0
2024-03-24 18:00:00,0,0
2024-03-24 19:00:00,0,0
2024-03-24 20:00:00,0,0
2024-03-24 21:00:00,0,0
2024-03-24 22:00:00,0,0
2024-03-24 23:00:00,0,0
2024-03-25 00:00:00,0,0
2024-03-25 01:00:00,0,0
2024-03-25 02:00:00,0,0
2024-03-25 03:00:00,0,0
2024-03-25 04:00:00,0,0
2024-03-25 05:00:00,0,0
2024-03-25 18:00:00,1,0
2024-03-25 19:00:00,1,0
2024-03-25 20:00:00,1,0
2024-03-25 21:00:00,1,0
2024-03-25 22:00:00,1,0
2024-03-25 23:00:00,1,0
2024-03-26 00:00:00,1,0
2024-03-26 01:00:00,1,0
2024-03-26 02:00:00,1,0
2024-03-26 03:00:00,1,0
2024-03-26 04:00:00,1,0
2024-03-26 05:00:00,1,0
2024-03-26 18:00:00,1,0
2024-03-26 19:00:00,1,0
2024-03-26 20:00:00,1,0
2024-03-26 21:00:00,1,0
2024-03-26 22:00:00,0,0
2024-03-26 23:00:00,0,0
2024-03-27 00:00:00,0,0
2024-03-27 01:00:00,0,0
2024-03-27 02:00:00,0,0
2024-03-27 03:00:00,0,0
2024-03-27 04:00:00,0,0
2024-03-27 05:00:00,0,0
2024-03-27 18:00:00,0,0
2024-03-27 19:00:00,0,0
2024-03-27 20:00:00,0,0
2024-03-27 21:00:00,0,0
2024-03-27 22:00:00,0,0
2024-03-27 23:00:00,0,0
2024-03-28 00:00:00,0,0
2024-03-28 01:00:00,0,0
2024-03-28 02:00:00,0,0
2024-03-28 03:00:00,0,0
2024-03-28 04:00:00,0,0
2024-03-28 05:00:00,0,0
2024-03-28 18:00:00,0,0
2024-03-28 19:00:00,0,0
2024-03-28 20:00:00,0,0
2024-03-28 21:00:00,0,0
2024-03-28 22:00:00,0,0
2024-03-28 23:00:00,0,0
2024-03-29 00:00:00,0,0
2024-03-29 01:00:00,1,0
2024-03-29 02:00:00,1,0
2024-03-29 03:00:00,1,0
2024-03-29 04:00:00,1,0
2024-03-29 05:00:00,1,0
2024-03-29 18:00:00,0,0
2024-03-29 19:00:00,0,0
2024-03-29 20:00:00,0,0
2024-03-29 21:00:00,0,0
2024-03-29 22:00:00,0,0
2024-03-29 23:00:00,0,0
2024-03-30 00:00:00,0,0
2024-03-30 01:00:00,0,0
2024-03-30 02:00:00,0,0
2024-03-30 03:00:00,0,0
2024-03-30 04:00:00,0,0
2024-03-30 05:00:00,0,0
2024-03-30 18:00:00,0,0
2024-03-30 19:00:00,0,0
2024-03-30 20:00:00,0,0
2024-03-30 21:00:00,0,0
2024-03-30 22:00:00,0,0
2024-03-30 23:00:00,0,0
2024-03-31 00:00:00,0,0
2024-03-31 01:00:00,0,0
2024-03-31 02:00:00,0,0
2024-03-31 03:00:00,0,0
2024-03-31 04:00:00,0,0
2024-03-31 05:00:00,0,0
2024-03-31 18:00:00,0,0
2024-03-31 19:00:00,0,0
2024-03-31 20:00:00,0,0
2024-03-31 21:00:00,0,0
2024-03-31 22:00:00,0,0
2024-03-31 23:00:00,0,0
2024-04-01 00:00:00,0,0
2024-04-01 01:00:00,0,0
2024-04-01 02:00:00,0,0
2024-04-01 03:00:00,0,0
2024-04-01 04:00:00,1,0
2024-04-01 05:00:00,1,0
2024-04-01 18:00:00,0,0
2024-04-01 19:00:00,0,0
2024-04-01 20:00:00,0,0
2024-04-01 21:00:00,0,0
2024-04-01 22:00:00,0,0
2024-04-01 23:00:00,0,0
2024-04-02 00:00:00,0,1
2024-04-02 01:00:00,0,0
2024-04-02 02:00:00,0,0
2024-04-02 03:00:00,0,0
2024-04-02 04:00:00,0,0
2024-04-02 05:00:00,0,0
2024-04-02 18:00:00,0,0
2024-04-02 19:00:00,0,0
2024-04-02 20:00:00,0,0
2024-04-02 21:00:00,0,0
2024-04-02 22:00:00,0,0
2024-04-02 23:00:00,0,0
2024-04-03 00:00:00,0,0
2024-04-03 01:00:00,0,0
2024-04-03 02:00:00,0,0
2024-04-03 03:00:00,0,0
2024-04-03 04:00:00,0,0
2024-04-03 05:00:00,0,0
2024-04-03 18:00:00,0,0
2024-04-03 19:00:00,0,0
2024-04-03 20:00:00,0,0
2024-04-03 21:00:00,0,0
2024-04-03 22:00:00,0,0
2024-04-03 23:00:00,0,0
2024-04-04 00:00:00,0,0
2024-04-04 01:00:00,0,0
2024-04-04 02:00:00,0,0
2024-04-04 03:00:00,0,0
2024-04-04 04:00:00,0,0
2024-04-04 05:00:00,0,0
2024-04-04 18:00:00,0,0
2024-04-04 19:00:00,0,0
2024-04-04 20:00:00,0,0
2024-04-04 21:00:00,0,0
2024-04-04 22:00:00,0,0
2024-04-04 23:00:00,0,0
2024-04-05 00:00:00,0,0
2024-04-05 01:00:00,0,0
2024-04-05 02:00:00,0,0
2024-04-05 03:00:00,0,0
2024-04-05 04:00:00,0,0
2024-04-05 05:00:00,0,0
2024-04-05 18:00:00,0,0
2024-04-05 19:00:00,0,0
2024-04-05 20:00:00,0,0
2024-04-05 21:00:00,0,0
2024-04-05 22:00:00,0,0
2024-04-05 23:00:00,0,0
2024-04-06 00:00:00,0,0
2024-04-06 01:00:00,0,0
2024-04-06 02:00:00,0,0
2024-04-06 03:00:00,0,0
2024-04-06 04:00:00,0,0
2024-04-06 05:00:00,0,0
2024-04-06 18:00:00,0,0
2024-04-06 19:00:00,0,0
2024-04-06 20:00:00,0,0
2024-04-06 21:00:00,0,0
2024-04-06 22:00:00,0,0
2024-04-06 23:00:00,0,0
2024-04-07 00:00:00,0,0
2024-04-07 01:00:00,0,0
2024-04-07 02:00:00,0,0
2024-04-07 03:00:00,0,0
2024-04-07 04:00:00,0,0
2024-04-07 05:00:00,0,0
2024-04-07 18:00:00,0,0
2024-04-07 19:00:00,0,0
2024-04-07 20:00:00,0,0
2024-04-07 21:00:00,0,0
2024-04-07 22:00:00,0,1
2024-04-07 23:00:00,0,0
2024-04-08 00:00:00,0,1
2024-04-08 01:00:00,0,1
2024-04-08 02:00:00,0,1
2024-04-08 03:00:00,0,1
2024-04-08 04:00:00,0,1
2024-04-08 05:00:00,0,1
2024-04-08 18:00:00,0,0
2024-04-08 19:00:00,0,0
2024-04-08 20:00:00,0,1
2024-04-08 21:00:00,0,0
2024-04-08 22:00:00,0,0
2024-04-08 23:00:00,0,0
2024-04-09 00:00:00,0,0
2024-04-09 01:00:00,0,0
2024-04-09 02:00:00,0,0
2024-04-09 03:00:00,0,0
2024-04-09 04:00:00,0,0
2024-04-09 05:00:00,0,1
2024-04-09 18:00:00,0,0
2024-04-09 19:00:00,0,0
2024-04-09 20:00:00,0,0
2024-04-09 21:00:00,0,0
2024-04-09 22:00:00,0,0
2024-04-09 23:00:00,0,0
2024-04-10 00:00:00,0,0
2024-04-10 01:00:00,0,0
2024-04-10 02:00:00,0,0
2024-04-10 03:00:00,0,0
2024-04-10 04:00:00,0,0
2024-04-10 05:00:00,0,0
2024-04-10 18:00:00,0,0
2024-04-10 19:00:00,0,0
2024-04-10 20:00:00,0,0
2024-04-10 21:00:00,0,0
2024-04-10 22:00:00,0,0
2024-04-10 23:00:00,0,0
2024-04-11 00:00:00,0,0
2024-04-11 01:00:00,0,0
2024-04-11 02:00:00,0,0
2024-04-11 03:00:00,0,0
2024-04-11 04:00:00,0,0
2024-04-11 05:00:00,0,0
2024-04-11 18:00:00,0,0
2024-04-11 19:00:00,0,0
2024-04-11 20:00:00,0,0
2024-04-11 21:00:00,0,0
2024-04-11 22:00:00,0,0
2024-04-11 23:00:00,0,0
2024-04-12 00:00:00,0,0
2024-04-12 01:00:00,0,0
2024-04-12 02:00:00,0,0
2024-04-12 03:00:00,0,0
2024-04-12 04:00:00,0,0
2024-04-12 05:00:00,0,0
2024-04-12 18:00:00,0,0
2024-04-12 19:00:00,0,0
2024-04-12 20:00:00,0,0
2024-04-12 21:00:00,0,0
2024-04-12 22:00:00,0,0
2024-04-12 23:00:00,0,0
2024-04-13 00:00:00,0,0
2024-04-13 01:00:00,0,0
2024-04-13 02:00:00,0,0
2024-04-13 03:00:00,0,0
2024-04-13 04:00:00,0,0
2024-04-13 05:00:00,0,0
2024-04-13 18:00:00,0,0
2024-04-13 19:00:00,0,0
2024-04-13 20:00:00,0,0
2024-04-13 21:00:00,0,0
2024-04-13 22:00:00,0,0
2024-04-13 23:00:00,0,0
2024-04-14 00:00:00,0,0
2024-04-14 01:00:00,0,0
2024-04-14 02:00:00,0,0
2024-04-14 03:00:00,0,0
2024-04-14 04:00:00,0,0
2024-04-14 05:00:00,0,0
2024-04-14 18:00:00,0,0
2024-04-14 19:00:00,0,0
2024-04-14 20:00:00,0,0
2024-04-14 21:00:00,0,0
2024-04-14 22:00:00,0,0
2024-04-14 23:00:00,0,0
2024-04-15 00:00:00,0,0
2024-04-15 01:00:00,0,0
2024-04-15 02:00:00,0,0
2024-04-15 03:00:00,0,0
2024-04-15 04:00:00,0,0
2024-04-15 05:00:00,0,0
2024-04-15 18:00:00,0,0
2024-04-15 19:00:00,0,0
2024-04-15 20:00:00,0,0
2024-04-15 21:00:00,0,0
2024-04-15 22:00:00,0,0
2024-04-15 23:00:00,0,0
2024-04-16 00:00:00,0,0
2024-04-16 01:00:00,0,0
2024-04-16 02:00:00,0,0
2024-04-16 03:00:00,0,0
2024-04-16 04:00:00,0,0
2024-04-16 05:00:00,0,0
2024-04-16 18:00:00,0,0
2024-04-16 19:00:00,0,0
2024-04-16 20:00:00,0,0
2024-04-16 21:00:00,0,0
2024-04-16 22:00:00,0,0
2024-04-16 23:00:00,0,0
2024-04-17 00:00:00,0,0
2024-04-17 01:00:00,0,0
2024-04-17 02:00:00,0,0
2024-04-17 03:00:00,0,0
2024-04-17 04:00:00,0,0
2024-04-17 05:00:00,0,0
2024-04-17 18:00:00,0,0
2024-04-17 19:00:00,0,0
2024-04-17 20:00:00,0,0
2024-04-17 21:00:00,0,0
2024-04-17 22:00:00,0,0
2024-04-17 23:00:00,0,0
2024-04-18 00:00:00,0,0
2024-04-18 01:00:00,0,0
2024-04-18 02:00:00,0,0
2024-04-18 03:00:00,0,0
2024-04-18 04:00:00,0,0
2024-04-18 05:00:00,0,0
2024-04-18 18:00:00,0,0
2024-04-18 19:00:00,0,0
2024-04-18 20:00:00,0,0
2024-04-18 21:00:00,0,0
2024-04-18 22:00:00,0,0
2024-04-18 23:00:00,0,0
2024-04-19 00:00:00,0,0
2024-04-19 01:00:00,0,0
2024-04-19 02:00:00,0,0
2024-04-19 03:00:00,0,0
2024-04-19 04:00:00,0,0
2024-04-19 05:00:00,0,0
2024-04-19 18:00:00,0,0
2024-04-19 19:00:00,0,0
2024-04-19 20:00:00,0,0
2024-04-19 21:00:00,0,0
2024-04-19 22:00:00,0,0
2024-04-19 23:00:00,0,0
2024-04-20 00:00:00,0,0
2024-04-20 01:00:00,0,0
2024-04-20 02:00:00,0,0
2024-04-20 03:00:00,0,0
2024-04-20 04:00:00,1,0
2024-04-20 05:00:00,1,0
2024-04-20 18:00:00,0,0
2024-04-20 19:00:00,0,0
2024-04-20 20:00:00,0,0
2024-04-20 21:00:00,0,0
2024-04-20 22:00:00,0,0
2024-04-20 23:00:00,0,0
2024-04-21 00:00:00,0,0
2024-04-21 01:00:00,0,0
2024-04-21 02:00:00,0,0
2024-04-21 03:00:00,0,0
2024-04-21 04:00:00,0,0
2024-04-21 05:00:00,0,0
2024-04-21 18:00:00,0,0
2024-04-21 19:00:00,0,0
2024-04-21 20:00:00,0,0
2024-04-21 21:00:00,0,0
2024-04-21 22:00:00,0,0
2024-04-21 23:00:00,0,0
2024-04-22 00:00:00,0,0
2024-04-22 01:00:00,0,0
2024-04-22 02:00:00,0,0
2024-04-22 03:00:00,0,0
2024-04-22 04:00:00,0,0
2024-04-22 05:00:00,0,0
2024-04-22 18:00:00,0,0
2024-04-22 19:00:00,0,0
2024-04-22 20:00:00,0,0
2024-04-22 21:00:00,0,0
2024-04-22 22:00:00,0,0
2024-04-22 23:00:00,0,0
2024-04-23 00:00:00,0,0
2024-04-23 01:00:00,0,0
2024-04-23 02:00:00,0,0
2024-04-23 03:00:00,0,0
2024-04-23 04:00:00,0,0
2024-04-23 05:00:00,0,0
2024-04-23 18:00:00,0,0
2024-04-23 19:00:00,0,0
2024-04-23 20:00:00,0,0
2024-04-23 21:00:00,0,0
2024-04-23 22:00:00,0,0
2024-04-23 23:00:00,0,0
2024-04-24 00:00:00,0,0
2024-04-24 01:00:00,0,0
2024-04-24 02:00:00,0,0
2024-04-24 03:00:00,0,0
2024-04-24 04:00:00,0,0
2024-04-24 05:00:00,0,0
2024-04-24 18:00:00,0,0
2024-04-24 19:00:00,0,0
2024-04-24 20:00:00,0,0
2024-04-24 21:00:00,0,0
2024-04-24 22:00:00,0,0
2024-04-24 23:00:00,0,0
2024-04-25 00:00:00,0,0
2024-04-25 01:00:00,0,0
2024-04-25 02:00:00,0,0
2024-04-25 03:00:00,0,0
2024-04-25 04:00:00,0,0
2024-04-25 05:00:00,0,0
2024-04-25 18:00:00,0,0
2024-04-25 19:00:00,0,0
2024-04-25 20:00:00,0,0
2024-04-25 21:00:00,0,0
2024-04-25 22:00:00,0,0
2024-04-25 23:00:00,0,0
2024-04-26 00:00:00,0,0
2024-04-26 01:00:00,0,0
2024-04-26 02:00:00,0,0
2024-04-26 03:00:00,0,0
2024-04-26 04:00:00,0,0
2024-04-26 05:00:00,0,0
2024-04-26 18:00:00,0,0
2024-04-26 19:00:00,0,0
2024-04-26 20:00:00,0,0
2024-04-26 21:00:00,0,0
2024-04-26 22:00:00,0,0
2024-04-26 23:00:00,0,0
2024-04-27 00:00:00,0,0
2024-04-27 01:00:00,0,1
2024-04-27 02:00:00,0,0
2024-04-27 03:00:00,0,0
2024-04-27 04:00:00,0,0
2024-04-27 05:00:00,0,0
2024-04-27 18:00:00,0,0
2024-04-27 19:00:00,0,0
2024-04-27 20:00:00,0,0
2024-04-27 21:00:00,0,0
2024-04-27 22:00:00,0,0
2024-04-27 23:00:00,0,0
2024-04-28 00:00:00,0,0
2024-04-28 01:00:00,0,0
2024-04-28 02:00:00,0,0
2024-04-28 03:00:00,0,0
2024-04-28 04:00:00,0,0
2024-04-28 05:00:00,1,0
2024-04-28 18:00:00,0,0
2024-04-28 19:00:00,0,0
2024-04-28 20:00:00,0,0
2024-04-28 21:00:00,0,0
2024-04-28 22:00:00,0,0
2024-04-28 23:00:00,0,0
2024-04-29 00:00:00,0,0
2024-04-29 01:00:00,0,0
2024-04-29 02:00:00,0,0
2024-04-29 03:00:00,0,0
2024-04-29 04:00:00,0,0
2024-04-29 05:00:00,0,0
2024-04-29 18:00:00,0,0
2024-04-29 19:00:00,0,0
2024-04-29 20:00:00,0,0
2024-04-29 21:00:00,0,0
2024-04-29 22:00:00,0,0
2024-04-29 23:00:00,0,0
2024-04-30 00:00:00,0,0
2024-04-30 01:00:00,0,0
2024-04-30 02:00:00,0,0
2024-04-30 03:00:00,0,0
2024-04-30 04:00:00,0,0
2024-04-30 05:00:00,0,0
2024-04-30 18:00:00,0,0
2024-04-30 19:00:00,0,0
2024-04-30 20:00:00,0,0
2024-04-30 21:00:00,0,0
2024-04-30 22:00:00,0,0
2024-04-30 23:00:00,0,0
2024-05-01 00:00:00,0,0
2024-05-01 01:00:00,0,0
2024-05-01 02:00:00,0,0
2024-05-01 03:00:00,0,0
2024-05-01 04:00:00,0,0
2024-05-01 05:00:00,0,0
2024-05-01 18:00:00,0,0
2024-05-01 19:00:00,0,0
2024-05-01 20:00:00,0,0
2024-05-01 21:00:00,0,0
2024-05-01 22:00:00,0,0
2024-05-01 23:00:00,0,0
2024-05-02 00:00:00,0,0
2024-05-02 01:00:00,0,0
2024-05-02 02:00:00,0,0
2024-05-02 03:00:00,0,0
2024-05-02 04:00:00,0,0
2024-05-02 05:00:00,0,0
2024-05-02 18:00:00,0,0
2024-05-02 19:00:00,0,0
2024-05-02 20:00:00,0,0
2024-05-02 21:00:00,0,0
2024-05-02 22:00:00,0,0
2024-05-02 23:00:00,0,0
2024-05-03 00:00:00,0,0
2024-05-03 01:00:00,0,0
2024-05-03 02:00:00,0,0
2024-05-03 03:00:00,0,0
2024-05-03 04:00:00,0,0
2024-05-03 05:00:00,0,0
2024-05-03 18:00:00,0,0
2024-05-03 19:00:00,0,0
2024-05-03 20:00:00,0,0
2024-05-03 21:00:00,0,0
2024-05-03 22:00:00,0,0
2024-05-03 23:00:00,0,0
2024-05-04 00:00:00,0,0
2024-05-04 01:00:00,0,0
2024-05-04 02:00:00,0,0
2024-05-04 03:00:00,0,0
2024-05-04 04:00:00,0,0
2024-05-04 05:00:00,0,0
2024-05-04 18:00:00,0,0
2024-05-04 19:00:00,0,0
2024-05-04 20:00:00,0,0
2024-05-04 21:00:00,0,0
2024-05-04 22:00:00,0,0
2024-05-04 23:00:00,0,0
2024-05-05 00:00:00,0,0
2024-05-05 01:00:00,0,0
2024-05-05 02:00:00,0,0
2024-05-05 03:00:00,0,0
2024-05-05 04:00:00,0,0
2024-05-05 05:00:00,0,0
2024-05-05 18:00:00,0,0
2024-05-05 19:00:00,0,0
2024-05-05 20:00:00,0,0
2024-05-05 21:00:00,0,0
2024-05-05 22:00:00,0,0
2024-05-05 23:00:00,0,0
2024-05-06 00:00:00,0,0
2024-05-06 01:00:00,0,0
2024-05-06 02:00:00,0,0
2024-05-06 03:00:00,0,0
2024-05-06 04:00:00,0,0
2024-05-06 05:00:00,0,0
2024-05-06 18:00:00,0,0
2024-05-06 19:00:00,0,0
2024-05-06 20:00:00,0,0
2024-05-06 21:00:00,0,0
2024-05-06 22:00:00,0,0
2024-05-06 23:00:00,0,0
2024-05-07 00:00:00,0,0
2024-05-07 01:00:00,0,0
2024-05-07 02:00:00,0,0
2024-05-07 03:00:00,0,0
2024-05-07 04:00:00,0,0
2024-05-07 05:00:00,0,0
2024-05-07 18:00:00,0,0
2024-05-07 19:00:00,0,0
2024-05-07 20:00:00,0,0
2024-05-07 21:00:00,0,0
2024-05-07 22:00:00,0,0
2024-05-07 23:00:00,0,0
2024-05-08 00:00:00,0,0
2024-05-08 01:00:00,0,0
2024-05-08 02:00:00,0,0
2024-05-08 03:00:00,0,0
2024-05-08 04:00:00,0,0
2024-05-08 05:00:00,0,0
2024-05-08 18:00:00,0,0
2024-05-08 19:00:00,0,0
2024-05-08 20:00:00,0,0
2024-05-08 21:00:00,0,0
2024-05-08 22:00:00,0,0
2024-05-08 23:00:00,0,0
2024-05-09 00:00:00,0,0
2024-05-09 01:00:00,0,0
2024-05-09 02:00:00,0,0
2024-05-09 03:00:00,0,0
2024-05-09 04:00:00,0,0
2024-05-09 05:00:00,0,0
2024-05-09 18:00:00,0,0
2024-05-09 19:00:00,0,0
2024-05-09 20:00:00,0,0
2024-05-09 21:00:00,0,0
2024-05-09 22:00:00,0,0
2024-05-09 23:00:00,0,0
2024-05-10 00:00:00,0,0
2024-05-10 01:00:00,0,0
2024-05-10 02:00:00,0,0
2024-05-10 03:00:00,0,0
2024-05-10 04:00:00,0,0
2024-05-10 05:00:00,0,0
2024-05-10 18:00:00,0,0
2024-05-10 19:00:00,0,0
2024-05-10 20:00:00,0,0
2024-05-10 21:00:00,0,0
2024-05-10 22:00:00,0,0
2024-05-10 23:00:00,0,0
2024-05-11 00:00:00,0,0
2024-05-11 01:00:00,0,0
2024-05-11 02:00:00,0,0
2024-05-11 03:00:00,0,0
2024-05-11 04:00:00,0,0
2024-05-11 05:00:00,0,0
2024-05-11 18:00:00,0,0
2024-05-11 19:00:00,0,0
2024-05-11 20:00:00,0,0
2024-05-11 21:00:00,0,0
2024-05-11 22:00:00,0,0
2024-05-11 23:00:00,0,0
2024-05-12 00:00:00,0,0
2024-05-12 01:00:00,0,0
2024-05-12 02:00:00,0,0
2024-05-12 03:00:00,0,0
2024-05-12 04:00:00,0,0
2024-05-12 05:00:00,0,0
2024-05-12 18:00:00,0,0
2024-05-12 19:00:00,0,0
2024-05-12 20:00:00,0,0
2024-05-12 21:00:00,0,0
2024-05-12 22:00:00,0,0
2024-05-12 23:00:00,0,0
2024-05-13 00:00:00,0,0
2024-05-13 01:00:00,0,0
2024-05-13 02:00:00,0,0
2024-05-13 03:00:00,0,0
2024-05-13 04:00:00,0,0
2024-05-13 05:00:00,0,0
2024-05-13 18:00:00,0,0
2024-05-13 19:00:00,0,0
2024-05-13 20:00:00,0,0
2024-05-13 21:00:00,0,0
2024-05-13 22:00:00,0,0
2024-05-13 23:00:00,0,0
2024-05-14 00:00:00,0,0
2024-05-14 01:00:00,0,0
2024-05-14 02:00:00,0,0
2024-05-14 03:00:00,0,0
2024-05-14 04:00:00,0,0
2024-05-14 05:00:00,0,0
2024-05-14 18:00:00,0,0
2024-05-14 19:00:00,0,0
2024-05-14 20:00:00,0,0
2024-05-14 21:00:00,0,0
2024-05-14 22:00:00,0,0
2024-05-14 23:00:00,0,0
2024-05-15 00:00:00,0,0
2024-05-15 01:00:00,0,0
2024-05-15 02:00:00,0,0
2024-05-15 03:00:00,0,0
2024-05-15 04:00:00,0,0
2024-05-15 05:00:00,0,0
2024-05-15 18:00:00,0,0
2024-05-15 19:00:00,0,0
2024-05-15 20:00:00,0,0
2024-05-15 21:00:00,0,0
2024-05-15 22:00:00,0,0
2024-05-15 23:00:00,0,0
2024-05-16 00:00:00,0,0
2024-05-16 01:00:00,0,0
2024-05-16 02:00:00,0,0
2024-05-16 03:00:00,0,0
2024-05-16 04:00:00,0,0
2024-05-16 05:00:00,0,0
2024-05-16 18:00:00,0,0
2024-05-16 19:00:00,0,0
2024-05-16 20:00:00,0,0
2024-05-16 21:00:00,0,0
2024-05-16 22:00:00,0,0
2024-05-16 23:00:00,0,0
2024-05-17 00:00:00,0,0
2024-05-17 01:00:00,0,0
2024-05-17 02:00:00,0,0
2024-05-17 03:00:00,0,0
2024-05-17 04:00:00,0,0
2024-05-17 05:00:00,0,0
2024-05-17 18:00:00,0,0
2024-05-17 19:00:00,0,0
2024-05-17 20:00:00,0,0
2024-05-17 21:00:00,0,0
2024-05-17 22:00:00,0,0
2024-05-17 23:00:00,0,0
2024-05-18 00:00:00,0,0
2024-05-18 01:00:00,0,0
2024-05-18 02:00:00,0,0
2024-05-18 03:00:00,1,0
2024-05-18 04:00:00,1,0
2024-05-18 05:00:00,1,0
2024-05-18 18:00:00,0,0
2024-05-18 19:00:00,0,0
2024-05-18 20:00:00,0,0
2024-05-18 21:00:00,0,0
2024-05-18 22:00:00,0,0
2024-05-18 23:00:00,0,0
2024-05-19 00:00:00,0,0
2024-05-19 01:00:00,0,1
2024-05-19 02:00:00,0,1
2024-05-19 03:00:00,0,0
2024-05-19 04:00:00,0,1
2024-05-19 05:00:00,0,0
2024-05-19 18:00:00,0,0
2024-05-19 19:00:00,0,0
2024-05-19 20:00:00,0,0
2024-05-19 21:00:00,0,0
2024-05-19 22:00:00,0,0
2024-05-19 23:00:00,0,0
2024-05-20 00:00:00,0,0
2024-05-20 01:00:00,0,0
2024-05-20 02:00:00,0,0
2024-05-20 03:00:00,0,0
2024-05-20 04:00:00,0,0
2024-05-20 05:00:00,0,0
2024-05-20 18:00:00,0,0
2024-05-20 19:00:00,0,0
2024-05-20 20:00:00,0,0
2024-05-20 21:00:00,0,0
2024-05-20 22:00:00,0,0
2024-05-20 23:00:00,0,0
2024-05-21 00:00:00,0,0
2024-05-21 01:00:00,0,0
2024-05-21 02:00:00,0,0
2024-05-21 03:00:00,0,0
2024-05-21 04:00:00,0,0
2024-05-21 05:00:00,0,0
2024-05-21 18:00:00,0,0
2024-05-21 19:00:00,0,0
2024-05-21 20:00:00,0,0
2024-05-21 21:00:00,0,0
2024-05-21 22:00:00,0,0
2024-05-21 23:00:00,0,0
2024-05-22 00:00:00,0,0
2024-05-22 01:00:00,0,0
2024-05-22 02:00:00,0,0
2024-05-22 03:00:00,0,0
2024-05-22 04:00:00,0,0
2024-05-22 05:00:00,0,0
2024-05-22 18:00:00,0,0
2024-05-22 19:00:00,0,0
2024-05-22 20:00:00,0,0
2024-05-22 21:00:00,0,0
2024-05-22 22:00:00,0,0
2024-05-22 23:00:00,0,0
2024-05-23 00:00:00,0,0
2024-05-23 01:00:00,0,0
2024-05-23 02:00:00,0,0
2024-05-23 03:00:00,0,0
2024-05-23 04:00:00,0,0
2024-05-23 05:00:00,0,0
2024-05-23 18:00:00,0,0
2024-05-23 19:00:00,0,0
2024-05-23 20:00:00,0,0
2024-05-23 21:00:00,0,0
2024-05-23 22:00:00,0,0
2024-05-23 23:00:00,0,0
2024-05-24 00:00:00,0,0
2024-05-24 01:00:00,0,0
2024-05-24 02:00:00,0,0
2024-05-24 03:00:00,0,0
2024-05-24 04:00:00,0,0
2024-05-24 05:00:00,0,0
2024-05-24 18:00:00,0,0
2024-05-24 19:00:00,0,0
2024-05-24 20:00:00,0,0
2024-05-24 21:00:00,0,0
2024-05-24 22:00:00,0,0
2024-05-24 23:00:00,0,0
2024-05-25 00:00:00,0,0
2024-05-25 01:00:00,0,0
2024-05-25 02:00:00,0,0
2024-05-25 03:00:00,0,0
2024-05-25 04:00:00,0,0
2024-05-25 05:00:00,0,0
2024-05-25 18:00:00,0,0
2024-05-25 19:00:00,0,0
2024-05-25 20:00:00,0,0
2024-05-25 21:00:00,0,0
2024-05-25 22:00:00,0,0
2024-05-25 23:00:00,0,0
2024-05-26 00:00:00,0,0
2024-05-26 01:00:00,0,0
2024-05-26 02:00:00,0,0
2024-05-26 03:00:00,0,0
2024-05-26 04:00:00,0,0
2024-05-26 05:00:00,0,0
2024-05-26 18:00:00,0,0
2024-05-26 19:00:00,0,0
2024-05-26 20:00:00,0,0
2024-05-26 21:00:00,0,0
2024-05-26 22:00:00,0,0
2024-05-26 23:00:00,0,0
2024-05-27 00:00:00,0,0
2024-05-27 01:00:00,0,0
2024-05-27 02:00:00,0,0
2024-05-27 03:00:00,0,0
2024-05-27 04:00:00,0,0
2024-05-27 05:00:00,0,0
2024-05-27 18:00:00,0,0
2024-05-27 19:00:00,0,0
2024-05-27 20:00:00,0,0
2024-05-27 21:00:00,0,0
2024-05-27 22:00:00,0,0
2024-05-27 23:00:00,0,0
2024-05-28 00:00:00,0,0
2024-05-28 01:00:00,0,0
2024-05-28 02:00:00,0,0
2024-05-28 03:00:00,0,0
2024-05-28 04:00:00,0,0
2024-05-28 05:00:00,0,0
2024-05-28 18:00:00,0,0
2024-05-28 19:00:00,0,0
2024-05-28 20:00:00,0,0
2024-05-28 21:00:00,0,0
2024-05-28 22:00:00,0,0
2024-05-28 23:00:00,0,0
2024-05-29 00:00:00,0,0
2024-05-29 01:00:00,0,0
2024-05-29 02:00:00,0,0
2024-05-29 03:00:00,0,0
2024-05-29 04:00:00,0,0
2024-05-29 05:00:00,0,0
2024-05-29 18:00:00,0,0
2024-05-29 19:00:00,0,0
2024-05-29 20:00:00,0,0
2024-05-29 21:00:00,0,0
2024-05-29 22:00:00,0,0
2024-05-29 23:00:00,0,0
2024-05-30 00:00:00,0,0
2024-05-30 01:00:00,0,0
2024-05-30 02:00:00,0,0
2024-05-30 03:00:00,0,0
2024-05-30 04:00:00,0,0
2024-05-30 05:00:00,0,0
2024-05-30 18:00:00,0,0
2024-05-30 19:00:00,0,0
2024-05-30 20:00:00,0,0
2024-05-30 21:00:00,0,0
2024-05-30 22:00:00,0,0
2024-05-30 23:00:00,0,0
2024-05-31 00:00:00,0,0
2024-05-31 01:00:00,0,0
2024-05-31 02:00:00,0,0
2024-05-31 03:00:00,0,0
2024-05-31 04:00:00,0,0
2024-05-31 05:00:00,0,0
2024-05-31 18:00:00,0,0
2024-05-31 19:00:00,0,0
2024-05-31 20:00:00,0,0
2024-05-31 21:00:00,0,0
2024-05-31 22:00:00,0,0
2024-05-31 23:00:00,0,0
2024-06-01 00:00:00,0,0
2024-06-01 01:00:00,0,0
2024-06-01 02:00:00,0,0
2024-06-01 03:00:00,0,0
2024-06-01 04:00:00,0,0
2024-06-01 05:00:00,0,0
2024-06-01 18:00:00,0,0
2024-06-01 19:00:00,0,0
2024-06-01 20:00:00,0,0
2024-06-01 21:00:00,0,0
2024-06-01 22:00:00,0,0
2024-06-01 23:00:00,0,0
2024-06-02 00:00:00,0,0
2024-06-02 01:00:00,0,0
2024-06-02 02:00:00,0,0
2024-06-02 03:00:00,0,0
2024-06-02 04:00:00,0,0
2024-06-02 05:00:00,0,0
2024-06-02 18:00:00,0,0
2024-06-02 19:00:00,0,0
2024-06-02 20:00:00,0,0
2024-06-02 21:00:00,0,0
2024-06-02 22:00:00,0,0
2024-06-02 23:00:00,0,0
2024-06-03 00:00:00,0,0
2024-06-03 01:00:00,0,0
2024-06-03 02:00:00,0,0
2024-06-03 03:00:00,0,0
2024-06-03 04:00:00,0,0
2024-06-03 05:00:00,0,0
2024-06-03 18:00:00,0,0
2024-06-03 19:00:00,0,0
2024-06-03 20:00:00,0,0
2024-06-03 21:00:00,0,0
2024-06-03 22:00:00,0,0
2024-06-03 23:00:00,0,0
2024-06-04 00:00:00,0,0
2024-06-04 01:00:00,1,0
2024-06-04 02:00:00,1,0
2024-06-04 03:00:00,1,0
2024-06-04 04:00:00,1,1
2024-06-04 05:00:00,1,0
2024-06-04 18:00:00,0,0
2024-06-04 19:00:00,0,0
2024-06-04 20:00:00,1,0
2024-06-04 21:00:00,1,0
2024-06-04 22:00:00,1,0
2024-06-04 23:00:00,1,0
2024-06-05 00:00:00,1,0
2024-06-05 01:00:00,1,0
2024-06-05 02:00:00,1,0
2024-06-05 03:00:00,1,0
2024-06-05 04:00:00,1,0
2024-06-05 05:00:00,1,0
2024-06-05 18:00:00,0,0
2024-06-05 19:00:00,0,0
2024-06-05 20:00:00,0,0
2024-06-05 21:00:00,0,0
2024-06-05 22:00:00,0,0
2024-06-05 23:00:00,0,0
2024-06-06 00:00:00,0,0
2024-06-06 01:00:00,0,0
2024-06-06 02:00:00,0,0
2024-06-06 03:00:00,0,0
2024-06-06 04:00:00,0,0
2024-06-06 05:00:00,0,0
2024-06-06 18:00:00,0,0
2024-06-06 19:00:00,0,0
2024-06-06 20:00:00,0,0
2024-06-06 21:00:00,0,0
2024-06-06 22:00:00,0,0
2024-06-06 23:00:00,0,0
2024-06-07 00:00:00,0,0
2024-06-07 01:00:00,0,0
2024-06-07 02:00:00,1,0
2024-06-07 03:00:00,1,0
2024-06-07 04:00:00,1,0
2024-06-07 05:00:00,1,0
2024-06-07 18:00:00,1,0
2024-06-07 19:00:00,0,0
2024-06-07 20:00:00,0,0
2024-06-07 21:00:00,0,0
2024-06-07 22:00:00,0,0
2024-06-07 23:00:00,0,0
2024-06-08 00:00:00,0,0
2024-06-08 01:00:00,0,0
2024-06-08 02:00:00,0,0
2024-06-08 03:00:00,0,0
2024-06-08 04:00:00,0,0
2024-06-08 05:00:00,0,0
2024-06-08 18:00:00,0,0
2024-06-08 19:00:00,0,0
2024-06-08 20:00:00,0,0
2024-06-08 21:00:00,0,0
2024-06-08 22:00:00,0,0
2024-06-08 23:00:00,0,0
2024-06-09 00:00:00,0,0
2024-06-09 01:00:00,0,1
2024-06-09 02:00:00,0,0
2024-06-09 03:00:00,0,0
2024-06-09 04:00:00,0,0
2024-06-09 05:00:00,0,0
2024-06-09 18:00:00,0,0
2024-06-09 19:00:00,0,0
2024-06-09 20:00:00,0,0
2024-06-09 21:00:00,0,0
2024-06-09 22:00:00,0,0
2024-06-09 23:00:00,0,0
2024-06-10 00:00:00,0,0
2024-06-10 01:00:00,0,0
2024-06-10 02:00:00,0,0
2024-06-10 03:00:00,0,0
2024-06-10 04:00:00,0,0
2024-06-10 05:00:00,0,0
2024-06-10 18:00:00,0,0
2024-06-10 19:00:00,0,0
2024-06-10 20:00:00,0,0
2024-06-10 21:00:00,0,1
2024-06-10 22:00:00,0,0
2024-06-10 23:00:00,0,0
2024-06-11 00:00:00,0,0
2024-06-11 01:00:00,0,1
2024-06-11 02:00:00,0,0
2024-06-11 03:00:00,0,1
2024-06-11 04:00:00,0,1
2024-06-11 05:00:00,0,1
2024-06-11 18:00:00,0,0
2024-06-11 19:00:00,0,0
2024-06-11 20:00:00,0,0
2024-06-11 21:00:00,0,1
2024-06-11 22:00:00,0,0
2024-06-11 23:00:00,0,0
2024-06-12 00:00:00,0,1
2024-06-12 01:00:00,0,0
2024-06-12 02:00:00,0,0
2024-06-12 03:00:00,0,0
2024-06-12 04:00:00,0,0
2024-06-12 05:00:00,0,0
2024-06-12 18:00:00,0,0
2024-06-12 19:00:00,0,0
2024-06-12 20:00:00,0,0
2024-06-12 21:00:00,0,0
2024-06-12 22:00:00,0,0
2024-06-12 23:00:00,0,0
2024-06-13 00:00:00,0,0
2024-06-13 01:00:00,0,0
2024-06-13 02:00:00,0,0
2024-06-13 03:00:00,0,0
2024-06-13 04:00:00,0,0
2024-06-13 05:00:00,0,0
2024-06-13 18:00:00,0,0
2024-06-13 19:00:00,0,0
2024-06-13 20:00:00,0,0
2024-06-13 21:00:00,0,0
2024-06-13 22:00:00,0,0
2024-06-13 23:00:00,0,0
2024-06-14 00:00:00,0,0
2024-06-14 01:00:00,0,0
2024-06-14 02:00:00,0,0
2024-06-14 03:00:00,0,0
2024-06-14 04:00:00,0,0
2024-06-14 05:00:00,0,0
2024-06-14 18:00:00,0,0
2024-06-14 19:00:00,0,0
2024-06-14 20:00:00,0,0
2024-06-14 21:00:00,0,0
2024-06-14 22:00:00,0,0
2024-06-14 23:00:00,0,0
2024-06-15 00:00:00,0,0
2024-06-15 01:00:00,0,0
2024-06-15 02:00:00,0,0
2024-06-15 03:00:00,0,0
2024-06-15 04:00:00,0,0
2024-06-15 05:00:00,0,0
2024-06-15 18:00:00,0,0
2024-06-15 19:00:00,0,0
2024-06-15 20:00:00,0,0
2024-06-15 21:00:00,0,0
2024-06-15 22:00:00,0,0
2024-06-15 23:00:00,0,0
2024-06-16 00:00:00,0,0
2024-06-16 01:00:00,0,0
2024-06-16 02:00:00,0,0
2024-06-16 03:00:00,0,0
2024-06-16 04:00:00,0,0
2024-06-16 05:00:00,0,0
2024-06-16 18:00:00,0,0
2024-06-16 19:00:00,0,0
2024-06-16 20:00:00,0,0
2024-06-16 21:00:00,0,0
2024-06-16 22:00:00,0,0
2024-06-16 23:00:00,0,0
2024-06-17 00:00:00,0,0
2024-06-17 01:00:00,0,0
2024-06-17 02:00:00,0,0
2024-06-17 03:00:00,0,0
2024-06-17 04:00:00,0,0
2024-06-17 05:00:00,0,0
2024-06-17 18:00:00,0,0
2024-06-17 19:00:00,0,0
2024-06-17 20:00:00,0,0
2024-06-17 21:00:00,0,0
2024-06-17 22:00:00,0,0
2024-06-17 23:00:00,0,0
2024-06-18 00:00:00,0,0
2024-06-18 01:00:00,0,0
2024-06-18 02:00:00,0,0
2024-06-18 03:00:00,0,0
2024-06-18 04:00:00,0,0
2024-06-18 05:00:00,0,0
2024-06-18 18:00:00,0,0
2024-06-18 19:00:00,0,0
2024-06-18 20:00:00,0,0
2024-06-18 21:00:00,0,0
2024-06-18 22:00:00,0,0
2024-06-18 23:00:00,0,0
2024-06-19 00:00:00,0,0
2024-06-19 01:00:00,0,0
2024-06-19 02:00:00,0,0
2024-06-19 03:00:00,0,0
2024-06-19 04:00:00,1,0
2024-06-19 05:00:00,1,0
2024-06-19 18:00:00,0,0
2024-06-19 19:00:00,0,0
2024-06-19 20:00:00,0,0
2024-06-19 21:00:00,0,0
2024-06-19 22:00:00,0,0
2024-06-19 23:00:00,0,0
2024-06-20 00:00:00,0,0
2024-06-20 01:00:00,0,0
2024-06-20 02:00:00,0,0
2024-06-20 03:00:00,0,0
2024-06-20 04:00:00,0,0
2024-06-20 05:00:00,0,0
2024-06-20 18:00:00,0,0
2024-06-20 19:00:00,0,0
2024-06-20 20:00:00,0,0
2024-06-20 21:00:00,0,0
2024-06-20 22:00:00,0,0
2024-06-20 23:00:00,0,0
2024-06-21 00:00:00,0,0
2024-06-21 01:00:00,0,0
2024-06-21 02:00:00,0,0
2024-06-21 03:00:00,0,0
2024-06-21 04:00:00,0,0
2024-06-21 05:00:00,0,0
2024-06-21 18:00:00,0,0
2024-06-21 19:00:00,0,0
2024-06-21 20:00:00,0,0
2024-06-21 21:00:00,0,0
2024-06-21 22:00:00,0,0
2024-06-21 23:00:00,0,0
2024-06-22 00:00:00,0,0
2024-06-22 01:00:00,0,0
2024-06-22 02:00:00,0,0
2024-06-22 03:00:00,0,0
2024-06-22 04:00:00,0,0
2024-06-22 05:00:00,0,0
2024-06-22 18:00:00,0,0
2024-06-22 19:00:00,0,0
2024-06-22 20:00:00,0,0
2024-06-22 21:00:00,0,0
2024-06-22 22:00:00,0,0
2024-06-22 23:00:00,0,0
2024-06-23 00:00:00,0,0
2024-06-23 01:00:00,0,0
2024-06-23 02:00:00,0,0
2024-06-23 03:00:00,0,0
2024-06-23 04:00:00,0,0
2024-06-23 05:00:00,0,0
2024-06-23 18:00:00,0,0
2024-06-23 19:00:00,0,0
2024-06-23 20:00:00,0,0
2024-06-23 21:00:00,0,0
2024-06-23 22:00:00,0,0
2024-06-23 23:00:00,0,0
2024-06-24 00:00:00,0,0
2024-06-24 01:00:00,0,0
2024-06-24 02:00:00,0,0
2024-06-24 03:00:00,0,0
2024-06-24 04:00:00,0,0
2024-06-24 05:00:00,0,0
2024-06-24 18:00:00,0,0
2024-06-24 19:00:00,0,0
2024-06-24 20:00:00,0,0
2024-06-24 21:00:00,0,0
2024-06-24 22:00:00,0,0
2024-06-24 23:00:00,0,0
2024-06-25 00:00:00,0,0
2024-06-25 01:00:00,0,0
2024-06-25 02:00:00,0,0
2024-06-25 03:00:00,0,0
2024-06-25 04:00:00,0,0
2024-06-25 05:00:00,0,0
2024-06-25 18:00:00,0,0
2024-06-25 19:00:00,0,0
2024-06-25 20:00:00,0,0
2024-06-25 21:00:00,0,0
2024-06-25 22:00:00,0,0
2024-06-25 23:00:00,0,0
2024-06-26 00:00:00,0,0
2024-06-26 01:00:00,0,0
2024-06-26 02:00:00,0,0
2024-06-26 03:00:00,1,0
2024-06-26 04:00:00,1,1
2024-06-26 05:00:00,1,0
2024-06-26 18:00:00,0,0
2024-06-26 19:00:00,0,0
2024-06-26 20:00:00,0,1
2024-06-26 21:00:00,0,0
2024-06-26 22:00:00,0,1
2024-06-26 23:00:00,0,0
2024-06-27 00:00:00,0,0
2024-06-27 01:00:00,0,0
2024-06-27 02:00:00,1,1
2024-06-27 03:00:00,1,0
2024-06-27 04:00:00,1,1
2024-06-27 05:00:00,1,1
2024-06-27 18:00:00,0,0
2024-06-27 19:00:00,0,0
2024-06-27 20:00:00,0,0
2024-06-27 21:00:00,0,0
2024-06-27 22:00:00,0,0
2024-06-27 23:00:00,0,1
2024-06-28 00:00:00,0,1
2024-06-28 01:00:00,0,0
2024-06-28 02:00:00,0,0
2024-06-28 03:00:00,0,0
2024-06-28 04:00:00,0,0
2024-06-28 05:00:00,0,0
2024-06-28 18:00:00,0,0
2024-06-28 19:00:00,0,0
2024-06-28 20:00:00,0,0
2024-06-28 21:00:00,0,0
2024-06-28 22:00:00,0,0
2024-06-28 23:00:00,0,0
2024-06-29 00:00:00,0,0
2024-06-29 01:00:00,0,0
2024-06-29 02:00:00,0,0
2024-06-29 03:00:00,0,0
2024-06-29 04:00:00,0,0
2024-06-29 05:00:00,0,0
2024-06-29 18:00:00,0,0
2024-06-29 19:00:00,0,0
2024-06-29 20:00:00,0,0
2024-06-29 21:00:00,0,0
2024-06-29 22:00:00,0,0
2024-06-29 23:00:00,0,0
2024-06-30 00:00:00,0,0
2024-06-30 01:00:00,0,0
2024-06-30 02:00:00,0,0
2024-06-30 03:00:00,0,0
2024-06-30 04:00:00,0,0
2024-06-30 05:00:00,0,0
2024-06-30 18:00:00,0,0
2024-06-30 19:00:00,0,0
2024-06-30 20:00:00,0,0
2024-06-30 21:00:00,0,0
2024-06-30 22:00:00,0,0
2024-06-30 23:00:00,0,0
2024-07-01 00:00:00,0,0
2024-07-01 01:00:00,0,0
2024-07-01 02:00:00,0,0
2024-07-01 03:00:00,0,0
2024-07-01 04:00:00,0,0
2024-07-01 05:00:00,0,0
2024-07-01 18:00:00,0,0
2024-07-01 19:00:00,0,0
2024-07-01 20:00:00,0,0
2024-07-01 21:00:00,0,0
2024-07-01 22:00:00,0,0
2024-07-01 23:00:00,0,0
2024-07-02 00:00:00,0,0
2024-07-02 01:00:00,0,0
2024-07-02 02:00:00,0,0
2024-07-02 03:00:00,0,0
2024-07-02 04:00:00,0,0
2024-07-02 05:00:00,0,0
2024-07-02 18:00:00,0,0
2024-07-02 19:00:00,0,0
2024-07-02 20:00:00,0,0
2024-07-02 21:00:00,0,0
2024-07-02 22:00:00,0,0
2024-07-02 23:00:00,0,0
2024-07-03 00:00:00,0,0
2024-07-03 01:00:00,0,0
2024-07-03 02:00:00,0,0
2024-07-03 03:00:00,0,0
2024-07-03 04:00:00,0,0
2024-07-03 05:00:00,0,0
2024-07-03 18:00:00,0,0
2024-07-03 19:00:00,0,0
2024-07-03 20:00:00,0,0
2024-07-03 21:00:00,0,0
2024-07-03 22:00:00,0,0
2024-07-03 23:00:00,0,0
2024-07-04 00:00:00,0,0
2024-07-04 01:00:00,0,0
2024-07-04 02:00:00,0,0
2024-07-04 03:00:00,0,0
2024-07-04 04:00:00,0,0
2024-07-04 05:00:00,0,0
2024-07-04 18:00:00,0,0
2024-07-04 19:00:00,0,0
2024-07-04 20:00:00,0,0
2024-07-04 21:00:00,0,0
2024-07-04 22:00:00,0,0
2024-07-04 23:00:00,0,0
2024-07-05 00:00:00,0,0
2024-07-05 01:00:00,0,0
2024-07-05 02:00:00,0,0
2024-07-05 03:00:00,0,0
2024-07-05 04:00:00,0,0
2024-07-05 05:00:00,0,0
2024-07-05 18:00:00,0,0
2024-07-05 19:00:00,0,0
2024-07-05 20:00:00,0,0
2024-07-05 21:00:00,0,0
2024-07-05 22:00:00,0,0
2024-07-05 23:00:00,0,0
2024-07-06 00:00:00,0,0
2024-07-06 01:00:00,0,0
2024-07-06 02:00:00,0,0
2024-07-06 03:00:00,0,0
2024-07-06 04:00:00,0,0
2024-07-06 05:00:00,0,0
2024-07-06 18:00:00,0,0
2024-07-06 19:00:00,0,0
2024-07-06 20:00:00,0,0
2024-07-06 21:00:00,0,0
2024-07-06 22:00:00,0,0
2024-07-06 23:00:00,0,0
2024-07-07 00:00:00,0,0
2024-07-07 01:00:00,0,0
2024-07-07 02:00:00,0,0
2024-07-07 03:00:00,0,0
2024-07-07 04:00:00,0,0
2024-07-07 05:00:00,0,0
2024-07-07 18:00:00,0,0
2024-07-07 19:00:00,0,0
2024-07-07 20:00:00,0,0
2024-07-07 21:00:00,0,0
2024-07-07 22:00:00,0,0
2024-07-07 23:00:00,0,0
2024-07-08 00:00:00,0,0
2024-07-08 01:00:00,0,0
2024-07-08 02:00:00,0,0
2024-07-08 03:00:00,0,0
2024-07-08 04:00:00,0,0
2024-07-08 05:00:00,0,0
2024-07-08 18:00:00,0,0
2024-07-08 19:00:00,0,0
2024-07-08 20:00:00,0,0
2024-07-08 21:00:00,0,0
2024-07-08 22:00:00,0,0
2024-07-08 23:00:00,0,0
2024-07-09 00:00:00,0,0
2024-07-09 01:00:00,0,0
2024-07-09 02:00:00,0,0
2024-07-09 03:00:00,0,0
2024-07-09 04:00:00,0,0
2024-07-09 05:00:00,0,0
2024-07-09 18:00:00,0,0
2024-07-09 19:00:00,0,0
2024-07-09 20:00:00,0,0
2024-07-09 21:00:00,0,0
2024-07-09 22:00:00,0,0
2024-07-09 23:00:00,0,0
2024-07-10 00:00:00,0,0
2024-07-10 01:00:00,0,0
2024-07-10 02:00:00,0,0
2024-07-10 03:00:00,0,0
2024-07-10 04:00:00,0,0
2024-07-10 05:00:00,0,0
2024-07-10 18:00:00,0,0
2024-07-10 19:00:00,0,0
2024-07-10 20:00:00,0,0
2024-07-10 21:00:00,0,0
2024-07-10 22:00:00,0,0
2024-07-10 23:00:00,0,0
2024-07-11 00:00:00,0,0
2024-07-11 01:00:00,0,0
2024-07-11 02:00:00,0,0
2024-07-11 03:00:00,0,0
2024-07-11 04:00:00,0,0
2024-07-11 05:00:00,0,0
2024-07-11 18:00:00,0,0
2024-07-11 19:00:00,0,0
2024-07-11 20:00:00,0,0
2024-07-11 21:00:00,0,0
2024-07-11 22:00:00,0,0
2024-07-11 23:00:00,0,0
2024-07-12 00:00:00,0,0
2024-07-12 01:00:00,0,0
2024-07-12 02:00:00,0,0
2024-07-12 03:00:00,0,0
2024-07-12 04:00:00,0,0
2024-07-12 05:00:00,0,0
2024-07-12 18:00:00,0,0
2024-07-12 19:00:00,0,0
2024-07-12 20:00:00,0,0
2024-07-12 21:00:00,0,0
2024-07-12 22:00:00,0,0
2024-07-12 23:00:00,0,0
2024-07-13 00:00:00,0,0
2024-07-13 01:00:00,0,0
2024-07-13 02:00:00,0,0
2024-07-13 03:00:00,0,0
2024-07-13 04:00:00,0,0
2024-07-13 05:00:00,0,0
2024-07-13 18:00:00,0,0
2024-07-13 19:00:00,0,0
2024-07-13 20:00:00,0,0
2024-07-13 21:00:00,0,0
2024-07-13 22:00:00,0,0
2024-07-13 23:00:00,0,0
2024-07-14 00:00:00,0,0
2024-07-14 01:00:00,0,0
2024-07-14 02:00:00,0,0
2024-07-14 03:00:00,0,0
2024-07-14 04:00:00,0,0
2024-07-14 05:00:00,0,0
2024-07-14 18:00:00,0,0
2024-07-14 19:00:00,0,0
2024-07-14 20:00:00,0,0
2024-07-14 21:00:00,0,0
2024-07-14 22:00:00,0,0
2024-07-14 23:00:00,0,0
2024-07-15 00:00:00,0,0
2024-07-15 01:00:00,0,0
2024-07-15 02:00:00,0,0
2024-07-15 03:00:00,0,0
2024-07-15 04:00:00,0,0
2024-07-15 05:00:00,0,0
2024-07-15 18:00:00,0,0
2024-07-15 19:00:00,0,0
2024-07-15 20:00:00,0,0
2024-07-15 21:00:00,0,0
2024-07-15 22:00:00,0,0
2024-07-15 23:00:00,0,0
2024-07-16 00:00:00,0,0
2024-07-16 01:00:00,0,0
2024-07-16 02:00:00,0,0
2024-07-16 03:00:00,0,0
2024-07-16 04:00:00,0,0
2024-07-16 05:00:00,0,0
2024-07-16 18:00:00,0,0
2024-07-16 19:00:00,0,0
2024-07-16 20:00:00,0,0
2024-07-16 21:00:00,0,0
2024-07-16 22:00:00,0,0
2024-07-16 23:00:00,0,0
2024-07-17 00:00:00,0,0
2024-07-17 01:00:00,0,0
2024-07-17 02:00:00,0,0
2024-07-17 03:00:00,0,0
2024-07-17 04:00:00,0,0
2024-07-17 05:00:00,0,0
2024-07-17 18:00:00,0,0
2024-07-17 19:00:00,0,0
2024-07-17 20:00:00,0,0
2024-07-17 21:00:00,0,0
2024-07-17 22:00:00,0,0
2024-07-17 23:00:00,0,0
2024-07-18 00:00:00,0,0
2024-07-18 01:00:00,0,0
2024-07-18 02:00:00,0,0
2024-07-18 03:00:00,0,0
2024-07-18 04:00:00,0,0
2024-07-18 05:00:00,0,0
2024-07-18 18:00:00,0,0
2024-07-18 19:00:00,0,0
2024-07-18 20:00:00,0,0
2024-07-18 21:00:00,0,0
2024-07-18 22:00:00,0,0
2024-07-18 23:00:00,0,0
2024-07-19 00:00:00,0,0
2024-07-19 01:00:00,0,0
2024-07-19 02:00:00,0,0
2024-07-19 03:00:00,0,0
2024-07-19 04:00:00,0,0
2024-07-19 05:00:00,0,0
2024-07-19 18:00:00,0,0
2024-07-19 19:00:00,0,0
2024-07-19 20:00:00,0,0
2024-07-19 21:00:00,0,0
2024-07-19 22:00:00,0,0
2024-07-19 23:00:00,0,0
2024-07-20 00:00:00,0,0
2024-07-20 01:00:00,0,0
2024-07-20 02:00:00,0,0
2024-07-20 03:00:00,0,0
2024-07-20 04:00:00,0,0
2024-07-20 05:00:00,0,0
2024-07-20 18:00:00,0,0
2024-07-20 19:00:00,0,0
2024-07-20 20:00:00,0,0
2024-07-20 21:00:00,0,0
2024-07-20 22:00:00,0,0
2024-07-20 23:00:00,0,0
2024-07-21 00:00:00,0,0
2024-07-21 01:00:00,0,0
2024-07-21 02:00:00,0,0
2024-07-21 03:00:00,0,0
2024-07-21 04:00:00,0,0
2024-07-21 05:00:00,0,0
2024-07-21 18:00:00,0,0
2024-07-21 19:00:00,0,0
2024-07-21 20:00:00,0,0
2024-07-21 21:00:00,0,0
2024-07-21 22:00:00,0,0
2024-07-21 23:00:00,0,0
2024-07-22 00:00:00,0,0
2024-07-22 01:00:00,0,0
2024-07-22 02:00:00,0,0
2024-07-22 03:00:00,0,0
2024-07-22 04:00:00,0,0
2024-07-22 05:00:00,0,0
2024-07-22 18:00:00,0,0
2024-07-22 19:00:00,0,0
2024-07-22 20:00:00,0,0
2024-07-22 21:00:00,0,0
2024-07-22 22:00:00,0,0
2024-07-22 23:00:00,0,0
2024-07-23 00:00:00,0,0
2024-07-23 01:00:00,0,0
2024-07-23 02:00:00,0,0
2024-07-23 03:00:00,0,0
2024-07-23 04:00:00,0,0
2024-07-23 05:00:00,0,0
2024-07-23 18:00:00,0,0
2024-07-23 19:00:00,0,0
2024-07-23 20:00:00,0,0
2024-07-23 21:00:00,0,0
2024-07-23 22:00:00,0,0
2024-07-23 23:00:00,0,0
2024-07-24 00:00:00,0,0
2024-07-24 01:00:00,0,0
2024-07-24 02:00:00,0,0
2024-07-24 03:00:00,0,0
2024-07-24 04:00:00,0,0
2024-07-24 05:00:00,0,0
2024-07-24 18:00:00,0,0
2024-07-24 19:00:00,0,0
2024-07-24 20:00:00,0,0
2024-07-24 21:00:00,0,0
2024-07-24 22:00:00,0,0
2024-07-24 23:00:00,0,0
2024-07-25 00:00:00,0,0
2024-07-25 01:00:00,0,0
2024-07-25 02:00:00,0,0
2024-07-25 03:00:00,0,0
2024-07-25 04:00:00,0,0
2024-07-25 05:00:00,0,0
2024-07-25 18:00:00,0,0
2024-07-25 19:00:00,0,0
2024-07-25 20:00:00,0,0
2024-07-25 21:00:00,0,0
2024-07-25 22:00:00,0,0
2024-07-25 23:00:00,0,0
2024-07-26 00:00:00,0,0
2024-07-26 01:00:00,0,0
2024-07-26 02:00:00,0,0
2024-07-26 03:00:00,0,0
2024-07-26 04:00:00,0,0
2024-07-26 05:00:00,0,0
2024-07-26 18:00:00,0,0
2024-07-26 19:00:00,0,0
2024-07-26 20:00:00,0,0
2024-07-26 21:00:00,0,0
2024-07-26 22:00:00,0,0
2024-07-26 23:00:00,0,0
2024-07-27 00:00:00,0,0
2024-07-27 01:00:00,0,0
2024-07-27 02:00:00,0,0
2024-07-27 03:00:00,0,0
2024-07-27 04:00:00,0,0
2024-07-27 05:00:00,0,0
2024-07-27 18:00:00,0,0
2024-07-27 19:00:00,0,0
2024-07-27 20:00:00,0,0
2024-07-27 21:00:00,0,0
2024-07-27 22:00:00,0,0
2024-07-27 23:00:00,0,0
2024-07-28 00:00:00,0,0
2024-07-28 01:00:00,0,0
2024-07-28 02:00:00,0,0
2024-07-28 03:00:00,0,0
2024-07-28 04:00:00,0,0
2024-07-28 05:00:00,0,0
2024-07-28 18:00:00,0,0
2024-07-28 19:00:00,0,0
2024-07-28 20:00:00,0,0
2024-07-28 21:00:00,0,0
2024-07-28 22:00:00,0,0
2024-07-28 23:00:00,0,0
2024-07-29 00:00:00,0,0
2024-07-29 01:00:00,0,0
2024-07-29 02:00:00,0,0
2024-07-29 03:00:00,0,0
2024-07-29 04:00:00,0,0
2024-07-29 05:00:00,0,0
2024-07-29 18:00:00,0,0
2024-07-29 19:00:00,0,0
2024-07-29 20:00:00,0,0
2024-07-29 21:00:00,0,0
2024-07-29 22:00:00,0,0
2024-07-29 23:00:00,0,0
2024-07-30 00:00:00,0,0
2024-07-30 01:00:00,0,0
2024-07-30 02:00:00,0,0
2024-07-30 03:00:00,0,0
2024-07-30 04:00:00,0,0
2024-07-30 05:00:00,0,0
2024-07-30 18:00:00,0,0
2024-07-30 19:00:00,0,0
2024-07-30 20:00:00,0,0
2024-07-30 21:00:00,0,0
2024-07-30 22:00:00,0,0
2024-07-30 23:00:00,0,0
2024-07-31 00:00:00,0,0
2024-07-31 01:00:00,0,0
2024-07-31 02:00:00,0,0
2024-07-31 03:00:00,0,0
2024-07-31 04:00:00,0,0
2024-07-31 05:00:00,0,0
2024-07-31 18:00:00,0,0
2024-07-31 19:00:00,0,0
2024-07-31 20:00:00,0,0
2024-07-31 21:00:00,0,0
2024-07-31 22:00:00,0,0
2024-07-31 23:00:00,0,0
2024-08-01 00:00:00,0,0
2024-08-01 01:00:00,0,0
2024-08-01 02:00:00,0,0
2024-08-01 03:00:00,0,0
2024-08-01 04:00:00,0,0
2024-08-01 05:00:00,0,0
2024-08-01 18:00:00,0,0
2024-08-01 19:00:00,0,0
2024-08-01 20:00:00,0,0
2024-08-01 21:00:00,0,0
2024-08-01 22:00:00,0,0
2024-08-01 23:00:00,0,0
2024-08-02 00:00:00,0,0
2024-08-02 01:00:00,0,0
2024-08-02 02:00:00,0,0
2024-08-02 03:00:00,0,0
2024-08-02 04:00:00,0,0
2024-08-02 05:00:00,0,0
2024-08-02 18:00:00,0,0
2024-08-02 19:00:00,0,0
2024-08-02 20:00:00,0,0
2024-08-02 21:00:00,0,0
2024-08-02 22:00:00,0,0
2024-08-02 23:00:00,0,0
2024-08-03 00:00:00,0,0
2024-08-03 01:00:00,0,0
2024-08-03 02:00:00,0,0
2024-08-03 03:00:00,0,0
2024-08-03 04:00:00,0,0
2024-08-03 05:00:00,0,0
2024-08-03 18:00:00,0,0
2024-08-03 19:00:00,0,0
2024-08-03 20:00:00,0,0
2024-08-03 21:00:00,0,0
2024-08-03 22:00:00,0,0
2024-08-03 23:00:00,0,0
2024-08-04 00:00:00,0,0
2024-08-04 01:00:00,0,0
2024-08-04 02:00:00,0,0
2024-08-04 03:00:00,0,0
2024-08-04 04:00:00,0,0
2024-08-04 05:00:00,0,0
2024-08-04 18:00:00,0,0
2024-08-04 19:00:00,0,0
2024-08-04 20:00:00,0,0
2024-08-04 21:00:00,0,0
2024-08-04 22:00:00,0,0
2024-08-04 23:00:00,0,0
2024-08-05 00:00:00,0,0
2024-08-05 01:00:00,0,0
2024-08-05 02:00:00,0,0
2024-08-05 03:00:00,0,0
2024-08-05 04:00:00,0,0
2024-08-05 05:00:00,0,0
2024-08-05 18:00:00,0,0
2024-08-05 19:00:00,0,0
2024-08-05 20:00:00,0,0
2024-08-05 21:00:00,0,0
2024-08-05 22:00:00,0,0
2024-08-05 23:00:00,0,0
2024-08-06 00:00:00,0,0
2024-08-06 01:00:00,0,0
2024-08-06 02:00:00,0,0
2024-08-06 03:00:00,0,0
2024-08-06 04:00:00,0,0
2024-08-06 05:00:00,0,0
2024-08-06 18:00:00,0,0
2024-08-06 19:00:00,0,0
2024-08-06 20:00:00,0,0
2024-08-06 21:00:00,0,0
2024-08-06 22:00:00,0,0
2024-08-06 23:00:00,0,0
2024-08-07 00:00:00,0,0
2024-08-07 01:00:00,0,0
2024-08-07 02:00:00,0,0
2024-08-07 03:00:00,0,0
2024-08-07 04:00:00,0,0
2024-08-07 05:00:00,0,0
2024-08-07 18:00:00,0,0
2024-08-07 19:00:00,0,0
2024-08-07 20:00:00,0,0
2024-08-07 21:00:00,0,0
2024-08-07 22:00:00,0,0
2024-08-07 23:00:00,0,0
2024-08-08 00:00:00,0,0
2024-08-08 01:00:00,0,0
2024-08-08 02:00:00,0,0
2024-08-08 03:00:00,0,0
2024-08-08 04:00:00,0,0
2024-08-08 05:00:00,0,0
2024-08-08 18:00:00,0,0
2024-08-08 19:00:00,0,0
2024-08-08 20:00:00,0,0
2024-08-08 21:00:00,0,0
2024-08-08 22:00:00,0,0
2024-08-08 23:00:00,0,0
2024-08-09 00:00:00,0,0
2024-08-09 01:00:00,0,0
2024-08-09 02:00:00,0,0
2024-08-09 03:00:00,0,0
2024-08-09 04:00:00,0,0
2024-08-09 05:00:00,0,0
2024-08-09 18:00:00,0,0
2024-08-09 19:00:00,0,0
2024-08-09 20:00:00,0,0
2024-08-09 21:00:00,0,0
2024-08-09 22:00:00,0,0
2024-08-09 23:00:00,0,0
2024-08-10 00:00:00,0,0
2024-08-10 01:00:00,0,0
2024-08-10 02:00:00,0,0
2024-08-10 03:00:00,0,0
2024-08-10 04:00:00,0,0
2024-08-10 05:00:00,0,0
2024-08-10 18:00:00,0,0
2024-08-10 19:00:00,0,0
2024-08-10 20:00:00,0,0
2024-08-10 21:00:00,0,0
2024-08-10 22:00:00,0,0
2024-08-10 23:00:00,0,0
2024-08-11 00:00:00,0,0
2024-08-11 01:00:00,0,0
2024-08-11 02:00:00,0,0
2024-08-11 03:00:00,0,0
2024-08-11 04:00:00,0,0
2024-08-11 05:00:00,0,0
2024-08-11 18:00:00,0,0
2024-08-11 19:00:00,0,0
2024-08-11 20:00:00,0,0
2024-08-11 21:00:00,0,0
2024-08-11 22:00:00,0,0
2024-08-11 23:00:00,0,0
2024-08-12 00:00:00,0,0
2024-08-12 01:00:00,0,0
2024-08-12 02:00:00,0,0
2024-08-12 03:00:00,0,0
2024-08-12 04:00:00,0,0
2024-08-12 05:00:00,0,0
2024-08-12 18:00:00,0,0
2024-08-12 19:00:00,0,0
2024-08-12 20:00:00,0,0
2024-08-12 21:00:00,0,0
2024-08-12 22:00:00,0,0
2024-08-12 23:00:00,0,0
2024-08-13 00:00:00,0,0
2024-08-13 01:00:00,0,0
2024-08-13 02:00:00,0,0
2024-08-13 03:00:00,0,0
2024-08-13 04:00:00,0,0
2024-08-13 05:00:00,0,0
2024-08-13 18:00:00,0,0
2024-08-13 19:00:00,0,0
2024-08-13 20:00:00,0,0
2024-08-13 21:00:00,0,0
2024-08-13 22:00:00,0,0
2024-08-13 23:00:00,0,0
2024-08-14 00:00:00,0,0
2024-08-14 01:00:00,0,0
2024-08-14 02:00:00,0,0
2024-08-14 03:00:00,0,0
2024-08-14 04:00:00,0,0
2024-08-14 05:00:00,0,0
2024-08-14 18:00:00,0,0
2024-08-14 19:00:00,0,0
2024-08-14 20:00:00,0,0
2024-08-14 21:00:00,0,0
2024-08-14 22:00:00,0,0
2024-08-14 23:00:00,0,0
2024-08-15 00:00:00,0,0
2024-08-15 01:00:00,0,0
2024-08-15 02:00:00,0,0
2024-08-15 03:00:00,0,0
2024-08-15 04:00:00,0,0
2024-08-15 05:00:00,0,0
2024-08-15 18:00:00,0,0
2024-08-15 19:00:00,0,0
2024-08-15 20:00:00,0,0
2024-08-15 21:00:00,0,0
2024-08-15 22:00:00,0,0
2024-08-15 23:00:00,0,0
2024-08-16 00:00:00,0,0
2024-08-16 01:00:00,0,0
2024-08-16 02:00:00,0,0
2024-08-16 03:00:00,0,0
2024-08-16 04:00:00,0,0
2024-08-16 05:00:00,0,0
2024-08-16 18:00:00,0,0
2024-08-16 19:00:00,0,0
2024-08-16 20:00:00,0,0
2024-08-16 21:00:00,0,0
2024-08-16 22:00:00,0,0
2024-08-16 23:00:00,0,0
2024-08-17 00:00:00,0,0
2024-08-17 01:00:00,0,0
2024-08-17 02:00:00,0,0
2024-08-17 03:00:00,0,0
2024-08-17 04:00:00,0,0
2024-08-17 05:00:00,0,0
2024-08-17 18:00:00,0,0
2024-08-17 19:00:00,0,0
2024-08-17 20:00:00,0,0
2024-08-17 21:00:00,0,0
2024-08-17 22:00:00,0,0
2024-08-17 23:00:00,0,0
2024-08-18 00:00:00,0,0
2024-08-18 01:00:00,0,0
2024-08-18 02:00:00,0,0
2024-08-18 03:00:00,0,0
2024-08-18 04:00:00,0,0
2024-08-18 05:00:00,0,0
2024-08-18 18:00:00,0,0
2024-08-18 19:00:00,0,0
2024-08-18 20:00:00,0,0
2024-08-18 21:00:00,0,0
2024-08-18 22:00:00,0,0
2024-08-18 23:00:00,0,0
2024-08-19 00:00:00,0,0
2024-08-19 01:00:00,0,0
2024-08-19 02:00:00,0,0
2024-08-19 03:00:00,0,0
2024-08-19 04:00:00,0,0
2024-08-19 05:00:00,0,0
2024-08-19 18:00:00,0,0
2024-08-19 19:00:00,0,0
2024-08-19 20:00:00,0,0
2024-08-19 21:00:00,0,0
2024-08-19 22:00:00,0,0
2024-08-19 23:00:00,0,0
2024-08-20 00:00:00,0,0
2024-08-20 01:00:00,0,0
2024-08-20 02:00:00,0,0
2024-08-20 03:00:00,0,0
2024-08-20 04:00:00,0,0
2024-08-20 05:00:00,0,0
2024-08-20 18:00:00,0,0
2024-08-20 19:00:00,0,0
2024-08-20 20:00:00,0,0
2024-08-20 21:00:00,0,0
2024-08-20 22:00:00,0,0
2024-08-20 23:00:00,0,0
2024-08-21 00:00:00,0,0
2024-08-21 01:00:00,0,0
2024-08-21 02:00:00,0,0
2024-08-21 03:00:00,0,0
2024-08-21 04:00:00,0,0
2024-08-21 05:00:00,0,0
2024-08-21 18:00:00,0,0
2024-08-21 19:00:00,0,0
2024-08-21 20:00:00,0,0
2024-08-21 21:00:00,0,0
2024-08-21 22:00:00,0,0
2024-08-21 23:00:00,0,0
2024-08-22 00:00:00,0,0
2024-08-22 01:00:00,0,0
2024-08-22 02:00:00,0,0
2024-08-22 03:00:00,0,0
2024-08-22 04:00:00,0,0
2024-08-22 05:00:00,0,0
2024-08-22 18:00:00,0,0
2024-08-22 19:00:00,0,0
2024-08-22 20:00:00,0,0
2024-08-22 21:00:00,0,0
2024-08-22 22:00:00,0,0
2024-08-22 23:00:00,0,0
2024-08-23 00:00:00,0,0
2024-08-23 01:00:00,0,0
2024-08-23 02:00:00,0,0
2024-08-23 03:00:00,0,0
2024-08-23 04:00:00,0,0
2024-08-23 05:00:00,0,0
2024-08-23 18:00:00,0,0
2024-08-23 19:00:00,0,0
2024-08-23 20:00:00,0,0
2024-08-23 21:00:00,0,0
2024-08-23 22:00:00,0,0
2024-08-23 23:00:00,0,0
2024-08-24 00:00:00,0,0
2024-08-24 01:00:00,0,0
2024-08-24 02:00:00,0,0
2024-08-24 03:00:00,0,0
2024-08-24 04:00:00,0,0
2024-08-24 05:00:00,0,0
2024-08-24 18:00:00,0,0
2024-08-24 19:00:00,0,0
2024-08-24 20:00:00,0,0
2024-08-24 21:00:00,0,0
2024-08-24 22:00:00,0,0
2024-08-24 23:00:00,0,0
2024-08-25 00:00:00,0,0
2024-08-25 01:00:00,0,0
2024-08-25 02:00:00,0,0
2024-08-25 03:00:00,0,0
2024-08-25 04:00:00,0,0
2024-08-25 05:00:00,0,0
2024-08-25 18:00:00,0,0
2024-08-25 19:00:00,0,0
2024-08-25 20:00:00,0,0
2024-08-25 21:00:00,0,0
2024-08-25 22:00:00,0,0
2024-08-25 23:00:00,0,0
2024-08-26 00:00:00,0,0
2024-08-26 01:00:00,0,0
2024-08-26 02:00:00,0,0
2024-08-26 03:00:00,0,0
2024-08-26 04:00:00,0,0
2024-08-26 05:00:00,0,0
2024-08-26 18:00:00,0,0
2024-08-26 19:00:00,0,0
2024-08-26 20:00:00,0,0
2024-08-26 21:00:00,0,0
2024-08-26 22:00:00,0,0
2024-08-26 23:00:00,0,0
2024-08-27 00:00:00,0,0
2024-08-27 01:00:00,0,0
2024-08-27 02:00:00,0,0
2024-08-27 03:00:00,0,0
2024-08-27 04:00:00,0,0
2024-08-27 05:00:00,0,0
2024-08-27 18:00:00,0,0
2024-08-27 19:00:00,0,0
2024-08-27 20:00:00,0,0
2024-08-27 21:00:00,0,0
2024-08-27 22:00:00,0,0
2024-08-27 23:00:00,0,0
2024-08-28 00:00:00,0,0
2024-08-28 01:00:00,0,0
2024-08-28 02:00:00,0,0
2024-08-28 03:00:00,0,0
2024-08-28 04:00:00,0,0
2024-08-28 05:00:00,0,0
2024-08-28 18:00:00,0,0
2024-08-28 19:00:00,0,0
2024-08-28 20:00:00,0,0
2024-08-28 21:00:00,0,0
2024-08-28 22:00:00,0,0
2024-08-28 23:00:00,0,0
2024-08-29 00:00:00,0,0
2024-08-29 01:00:00,0,0
2024-08-29 02:00:00,0,0
2024-08-29 03:00:00,0,0
2024-08-29 04:00:00,0,0
2024-08-29 05:00:00,0,0
2024-08-29 18:00:00,0,0
2024-08-29 19:00:00,0,0
2024-08-29 20:00:00,0,0
2024-08-29 21:00:00,0,0
2024-08-29 22:00:00,0,0
2024-08-29 23:00:00,0,0
2024-08-30 00:00:00,0,0
2024-08-30 01:00:00,0,0
2024-08-30 02:00:00,0,0
2024-08-30 03:00:00,0,0
2024-08-30 04:00:00,0,0
2024-08-30 05:00:00,0,0
2024-08-30 18:00:00,0,0
2024-08-30 19:00:00,0,0
2024-08-30 20:00:00,0,0
2024-08-30 21:00:00,0,0
2024-08-30 22:00:00,0,0
2024-08-30 23:00:00,0,0
2024-08-31 00:00:00,0,0
2024-08-31 01:00:00,0,0
2024-08-31 02:00:00,0,0
2024-08-31 03:00:00,0,0
2024-08-31 04:00:00,0,0
2024-08-31 05:00:00,0,0
2024-08-31 18:00:00,0,0
2024-08-31 19:00:00,0,0
2024-08-31 20:00:00,0,0
2024-08-31 21:00:00,0,0
2024-08-31 22:00:00,0,0
2024-08-31 23:00:00,0,0
2024-09-01 00:00:00,0,0
2024-09-01 01:00:00,0,0
2024-09-01 02:00:00,0,0
2024-09-01 03:00:00,0,0
2024-09-01 04:00:00,0,0
2024-09-01 05:00:00,0,0
2024-09-01 18:00:00,0,0
2024-09-01 19:00:00,0,0
2024-09-01 20:00:00,0,0
2024-09-01 21:00:00,0,0
2024-09-01 22:00:00,0,0
2024-09-01 23:00:00,0,0
2024-09-02 00:00:00,0,0
2024-09-02 01:00:00,0,0
2024-09-02 02:00:00,0,0
2024-09-02 03:00:00,0,0
2024-09-02 04:00:00,0,0
2024-09-02 05:00:00,0,0
2024-09-02 18:00:00,0,0
2024-09-02 19:00:00,0,0
2024-09-02 20:00:00,0,0
2024-09-02 21:00:00,0,0
2024-09-02 22:00:00,0,0
2024-09-02 23:00:00,0,0
2024-09-03 00:00:00,0,0
2024-09-03 01:00:00,0,0
2024-09-03 02:00:00,0,0
2024-09-03 03:00:00,0,0
2024-09-03 04:00:00,0,0
2024-09-03 05:00:00,0,0
2024-09-03 18:00:00,0,0
2024-09-03 19:00:00,0,0
2024-09-03 20:00:00,0,0
2024-09-03 21:00:00,0,0
2024-09-03 22:00:00,0,0
2024-09-03 23:00:00,0,0
2024-09-04 00:00:00,0,0
2024-09-04 01:00:00,0,0
2024-09-04 02:00:00,0,0
2024-09-04 03:00:00,0,0
2024-09-04 04:00:00,0,0
2024-09-04 05:00:00,0,0
2024-09-04 18:00:00,0,0
2024-09-04 19:00:00,0,0
2024-09-04 20:00:00,0,0
2024-09-04 21:00:00,0,0
2024-09-04 22:00:00,0,0
2024-09-04 23:00:00,0,0
2024-09-05 00:00:00,0,0
2024-09-05 01:00:00,0,0
2024-09-05 02:00:00,0,0
2024-09-05 03:00:00,0,0
2024-09-05 04:00:00,0,0
2024-09-05 05:00:00,0,0
2024-09-05 18:00:00,0,0
2024-09-05 19:00:00,0,0
2024-09-05 20:00:00,0,0
2024-09-05 21:00:00,0,0
2024-09-05 22:00:00,0,0
2024-09-05 23:00:00,0,0
2024-09-06 00:00:00,0,0
2024-09-06 01:00:00,0,0
2024-09-06 02:00:00,0,0
2024-09-06 03:00:00,0,0
2024-09-06 04:00:00,0,0
2024-09-06 05:00:00,0,0
2024-09-06 18:00:00,0,0
2024-09-06 19:00:00,0,0
2024-09-06 20:00:00,0,0
2024-09-06 21:00:00,0,0
2024-09-06 22:00:00,0,0
2024-09-06 23:00:00,0,0
2024-09-07 00:00:00,0,0
2024-09-07 01:00:00,0,0
2024-09-07 02:00:00,0,0
2024-09-07 03:00:00,0,0
2024-09-07 04:00:00,0,0
2024-09-07 05:00:00,0,0
2024-09-07 18:00:00,0,0
2024-09-07 19:00:00,1,0
2024-09-07 20:00:00,1,0
2024-09-07 21:00:00,1,0
2024-09-07 22:00:00,0,0
2024-09-07 23:00:00,0,0
2024-09-08 00:00:00,0,0
2024-09-08 01:00:00,0,0
2024-09-08 02:00:00,0,0
2024-09-08 03:00:00,0,0
2024-09-08 04:00:00,0,0
2024-09-08 05:00:00,1,1
2024-09-08 18:00:00,0,0
2024-09-08 19:00:00,0,0
2024-09-08 20:00:00,0,0
2024-09-08 21:00:00,0,0
2024-09-08 22:00:00,0,0
2024-09-08 23:00:00,0,0
2024-09-09 00:00:00,0,0
2024-09-09 01:00:00,0,1
2024-09-09 02:00:00,0,0
2024-09-09 03:00:00,0,1
2024-09-09 04:00:00,0,1
2024-09-09 05:00:00,0,1
2024-09-09 18:00:00,0,0
2024-09-09 19:00:00,0,0
2024-09-09 20:00:00,0,0
2024-09-09 21:00:00,0,0
2024-09-09 22:00:00,0,0
2024-09-09 23:00:00,0,0
2024-09-10 00:00:00,0,0
2024-09-10 01:00:00,0,0
2024-09-10 02:00:00,0,0
2024-09-10 03:00:00,0,0
2024-09-10 04:00:00,0,0
2024-09-10 05:00:00,0,0
2024-09-10 18:00:00,0,0
2024-09-10 19:00:00,0,0
2024-09-10 20:00:00,0,0
2024-09-10 21:00:00,0,0
2024-09-10 22:00:00,0,0
2024-09-10 23:00:00,0,0
2024-09-11 00:00:00,1,0
2024-09-11 01:00:00,1,0
2024-09-11 02:00:00,1,0
2024-09-11 03:00:00,1,1
2024-09-11 04:00:00,1,1
2024-09-11 05:00:00,1,0
2024-09-11 18:00:00,0,0
2024-09-11 19:00:00,0,0
2024-09-11 20:00:00,0,0
2024-09-11 21:00:00,0,0
2024-09-11 22:00:00,0,0
2024-09-11 23:00:00,0,0
2024-09-12 00:00:00,0,0
2024-09-12 01:00:00,0,0
2024-09-12 02:00:00,0,0
2024-09-12 03:00:00,0,0
2024-09-12 04:00:00,0,0
2024-09-12 05:00:00,0,0
2024-09-12 18:00:00,0,0
2024-09-12 19:00:00,0,0
2024-09-12 20:00:00,0,0
2024-09-12 21:00:00,0,0
2024-09-12 22:00:00,0,0
2024-09-12 23:00:00,0,0
2024-09-13 00:00:00,0,0
2024-09-13 01:00:00,0,0
2024-09-13 02:00:00,0,0
2024-09-13 03:00:00,0,0
2024-09-13 04:00:00,0,0
2024-09-13 05:00:00,0,0
2024-09-13 18:00:00,0,0
2024-09-13 19:00:00,0,0
2024-09-13 20:00:00,0,0
2024-09-13 21:00:00,0,0
2024-09-13 22:00:00,0,0
2024-09-13 23:00:00,0,0
2024-09-14 00:00:00,0,0
2024-09-14 01:00:00,0,0
2024-09-14 02:00:00,0,0
2024-09-14 03:00:00,0,0
2024-09-14 04:00:00,0,0
2024-09-14 05:00:00,0,0
2024-09-14 18:00:00,0,0
2024-09-14 19:00:00,0,0
2024-09-14 20:00:00,0,0
2024-09-14 21:00:00,0,0
2024-09-14 22:00:00,0,0
2024-09-14 23:00:00,0,0
2024-09-15 00:00:00,0,0
2024-09-15 01:00:00,0,0
2024-09-15 02:00:00,0,0
2024-09-15 03:00:00,0,0
2024-09-15 04:00:00,0,0
2024-09-15 05:00:00,0,0
2024-09-15 18:00:00,0,0
2024-09-15 19:00:00,0,0
2024-09-15 20:00:00,0,0
2024-09-15 21:00:00,0,0
2024-09-15 22:00:00,0,0
2024-09-15 23:00:00,0,0
2024-09-16 00:00:00,0,0
2024-09-16 01:00:00,0,0
2024-09-16 02:00:00,0,0
2024-09-16 03:00:00,0,0
2024-09-16 04:00:00,0,0
2024-09-16 05:00:00,0,0
2024-09-16 18:00:00,0,0
2024-09-16 19:00:00,0,0
2024-09-16 20:00:00,0,0
2024-09-16 21:00:00,0,0
2024-09-16 22:00:00,0,0
2024-09-16 23:00:00,0,0
2024-09-17 00:00:00,0,0
2024-09-17 01:00:00,0,0
2024-09-17 02:00:00,0,0
2024-09-17 03:00:00,0,0
2024-09-17 04:00:00,0,0
2024-09-17 05:00:00,0,0
2024-09-17 18:00:00,0,0
2024-09-17 19:00:00,0,0
2024-09-17 20:00:00,0,0
2024-09-17 21:00:00,0,0
2024-09-17 22:00:00,0,0
2024-09-17 23:00:00,0,0
2024-09-18 00:00:00,0,0
2024-09-18 01:00:00,0,0
2024-09-18 02:00:00,0,0
2024-09-18 03:00:00,0,0
2024-09-18 04:00:00,0,0
2024-09-18 05:00:00,0,0
2024-09-18 18:00:00,0,0
2024-09-18 19:00:00,0,0
2024-09-18 20:00:00,0,0
2024-09-18 21:00:00,0,0
2024-09-18 22:00:00,0,0
2024-09-18 23:00:00,0,0
2024-09-19 00:00:00,0,0
2024-09-19 01:00:00,0,0
2024-09-19 02:00:00,0,1
2024-09-19 03:00:00,1,1
2024-09-19 04:00:00,1,0
2024-09-19 05:00:00,1,0
2024-09-19 18:00:00,0,0
2024-09-19 19:00:00,0,0
2024-09-19 20:00:00,0,0
2024-09-19 21:00:00,0,0
2024-09-19 22:00:00,0,0
2024-09-19 23:00:00,0,0
2024-09-20 00:00:00,0,0
2024-09-20 01:00:00,0,0
2024-09-20 02:00:00,0,0
2024-09-20 03:00:00,0,0
2024-09-20 04:00:00,0,0
2024-09-20 05:00:00,0,0
2024-09-20 18:00:00,0,0
2024-09-20 19:00:00,0,0
2024-09-20 20:00:00,0,0
2024-09-20 21:00:00,0,0
2024-09-20 22:00:00,0,0
2024-09-20 23:00:00,0,0
2024-09-21 00:00:00,0,0
2024-09-21 01:00:00,0,0
2024-09-21 02:00:00,0,0
2024-09-21 03:00:00,0,0
2024-09-21 04:00:00,0,0
2024-09-21 05:00:00,0,0
2024-09-21 18:00:00,0,0
2024-09-21 19:00:00,0,0
2024-09-21 20:00:00,0,0
2024-09-21 21:00:00,0,0
2024-09-21 22:00:00,0,0
2024-09-21 23:00:00,0,0
2024-09-22 00:00:00,0,0
2024-09-22 01:00:00,0,0
2024-09-22 02:00:00,0,0
2024-09-22 03:00:00,0,0
2024-09-22 04:00:00,0,0
2024-09-22 05:00:00,0,0
2024-09-22 18:00:00,0,0
2024-09-22 19:00:00,0,0
2024-09-22 20:00:00,0,0
2024-09-22 21:00:00,0,1
2024-09-22 22:00:00,0,0
2024-09-22 23:00:00,0,0
2024-09-23 00:00:00,0,0
2024-09-23 01:00:00,0,0
2024-09-23 02:00:00,0,0
2024-09-23 03:00:00,0,0
2024-09-23 04:00:00,0,0
2024-09-23 05:00:00,0,0
2024-09-23 18:00:00,0,0
2024-09-23 19:00:00,0,0
2024-09-23 20:00:00,0,0
2024-09-23 21:00:00,0,0
2024-09-23 22:00:00,0,0
2024-09-23 23:00:00,0,0
2024-09-24 00:00:00,0,0
2024-09-24 01:00:00,0,0
2024-09-24 02:00:00,0,0
2024-09-24 03:00:00,0,0
2024-09-24 04:00:00,0,0
2024-09-24 05:00:00,0,0
2024-09-24 18:00:00,0,0
2024-09-24 19:00:00,0,0
2024-09-24 20:00:00,0,0
2024-09-24 21:00:00,0,0
2024-09-24 22:00:00,0,0
2024-09-24 23:00:00,0,0
2024-09-25 00:00:00,0,0
2024-09-25 01:00:00,0,0
2024-09-25 02:00:00,0,0
2024-09-25 03:00:00,0,0
2024-09-25 04:00:00,0,0
2024-09-25 05:00:00,0,0
2024-09-25 18:00:00,0,0
2024-09-25 19:00:00,0,0
2024-09-25 20:00:00,0,0
2024-09-25 21:00:00,0,0
2024-09-25 22:00:00,0,0
2024-09-25 23:00:00,0,0
2024-09-26 00:00:00,0,0
2024-09-26 01:00:00,0,0
2024-09-26 02:00:00,0,0
2024-09-26 03:00:00,0,0
2024-09-26 04:00:00,0,0
2024-09-26 05:00:00,0,0
2024-09-26 18:00:00,0,0
2024-09-26 19:00:00,0,0
2024-09-26 20:00:00,0,0
2024-09-26 21:00:00,0,0
2024-09-26 22:00:00,0,0
2024-09-26 23:00:00,0,0
2024-09-27 00:00:00,0,0
2024-09-27 01:00:00,0,0
2024-09-27 02:00:00,0,0
2024-09-27 03:00:00,0,0
2024-09-27 04:00:00,0,0
2024-09-27 05:00:00,0,0
2024-09-27 18:00:00,0,0
2024-09-27 19:00:00,0,0
2024-09-27 20:00:00,0,0
2024-09-27 21:00:00,0,0
2024-09-27 22:00:00,0,0
2024-09-27 23:00:00,0,0
2024-09-28 00:00:00,0,0
2024-09-28 01:00:00,0,0
2024-09-28 02:00:00,0,0
2024-09-28 03:00:00,0,0
2024-09-28 04:00:00,0,0
2024-09-28 05:00:00,0,0
2024-09-28 18:00:00,0,0
2024-09-28 19:00:00,0,0
2024-09-28 20:00:00,0,0
2024-09-28 21:00:00,0,0
2024-09-28 22:00:00,0,0
2024-09-28 23:00:00,0,0
2024-09-29 00:00:00,0,0
2024-09-29 01:00:00,0,0
2024-09-29 02:00:00,0,0
2024-09-29 03:00:00,0,0
2024-09-29 04:00:00,0,0
2024-09-29 05:00:00,0,0
2024-09-29 18:00:00,0,0
2024-09-29 19:00:00,0,0
2024-09-29 20:00:00,0,0
2024-09-29 21:00:00,0,0
2024-09-29 22:00:00,0,0
2024-09-29 23:00:00,0,0
2024-09-30 00:00:00,0,0
2024-09-30 01:00:00,0,0
2024-09-30 02:00:00,0,0
2024-09-30 03:00:00,0,0
2024-09-30 04:00:00,0,0
2024-09-30 05:00:00,0,0
2024-09-30 18:00:00,0,0
2024-09-30 19:00:00,0,0
2024-09-30 20:00:00,0,0
2024-09-30 21:00:00,0,0
2024-09-30 22:00:00,0,0
2024-09-30 23:00:00,0,0
2024-10-01 00:00:00,0,0
2024-10-01 01:00:00,0,0
2024-10-01 02:00:00,0,0
2024-10-01 03:00:00,0,0
2024-10-01 04:00:00,0,0
2024-10-01 05:00:00,0,0
2024-10-01 18:00:00,0,0
2024-10-01 19:00:00,0,0
2024-10-01 20:00:00,0,0
2024-10-01 21:00:00,0,0
2024-10-01 22:00:00,0,0
2024-10-01 23:00:00,0,0
2024-10-02 00:00:00,0,0
2024-10-02 01:00:00,0,0
2024-10-02 02:00:00,0,0
2024-10-02 03:00:00,0,0
2024-10-02 04:00:00,0,0
2024-10-02 05:00:00,0,0
2024-10-02 18:00:00,0,0
2024-10-02 19:00:00,0,0
2024-10-02 20:00:00,0,0
2024-10-02 21:00:00,0,0
2024-10-02 22:00:00,0,0
2024-10-02 23:00:00,0,0
2024-10-03 00:00:00,0,0
2024-10-03 01:00:00,0,0
2024-10-03 02:00:00,0,0
2024-10-03 03:00:00,0,0
2024-10-03 04:00:00,0,0
2024-10-03 05:00:00,0,0
2024-10-03 18:00:00,0,0
2024-10-03 19:00:00,0,0
2024-10-03 20:00:00,0,0
2024-10-03 21:00:00,0,0
2024-10-03 22:00:00,0,0
2024-10-03 23:00:00,0,0
2024-10-04 00:00:00,0,0
2024-10-04 01:00:00,0,0
2024-10-04 02:00:00,0,0
2024-10-04 03:00:00,0,0
2024-10-04 04:00:00,0,0
2024-10-04 05:00:00,0,0
2024-10-04 18:00:00,0,0
2024-10-04 19:00:00,0,0
2024-10-04 20:00:00,0,0
2024-10-04 21:00:00,0,0
2024-10-04 22:00:00,0,0
2024-10-04 23:00:00,0,0
2024-10-05 00:00:00,0,0
2024-10-05 01:00:00,0,0
2024-10-05 02:00:00,0,0
2024-10-05 03:00:00,0,0
2024-10-05 04:00:00,0,0
2024-10-05 05:00:00,0,0
2024-10-05 18:00:00,0,0
2024-10-05 19:00:00,0,0
2024-10-05 20:00:00,0,0
2024-10-05 21:00:00,0,0
2024-10-05 22:00:00,0,0
2024-10-05 23:00:00,0,0
2024-10-06 00:00:00,0,0
2024-10-06 01:00:00,0,0
2024-10-06 02:00:00,0,0
2024-10-06 03:00:00,0,0
2024-10-06 04:00:00,0,0
2024-10-06 05:00:00,0,0
2024-10-06 18:00:00,0,0
2024-10-06 19:00:00,0,0
2024-10-06 20:00:00,0,0
2024-10-06 21:00:00,0,0
2024-10-06 22:00:00,0,0
2024-10-06 23:00:00,0,0
2024-10-07 00:00:00,0,0
2024-10-07 01:00:00,0,0
2024-10-07 02:00:00,0,0
2024-10-07 03:00:00,1,0
2024-10-07 04:00:00,1,0
2024-10-07 05:00:00,1,0
2024-10-07 18:00:00,0,0
2024-10-07 19:00:00,0,0
2024-10-07 20:00:00,0,0
2024-10-07 21:00:00,0,0
2024-10-07 22:00:00,0,0
2024-10-07 23:00:00,0,0
2024-10-08 00:00:00,0,0
2024-10-08 01:00:00,0,0
2024-10-08 02:00:00,0,0
2024-10-08 03:00:00,0,0
2024-10-08 04:00:00,0,0
2024-10-08 05:00:00,0,0
2024-10-08 18:00:00,0,0
2024-10-08 19:00:00,0,0
2024-10-08 20:00:00,0,0
2024-10-08 21:00:00,0,0
2024-10-08 22:00:00,0,0
2024-10-08 23:00:00,0,0
2024-10-09 00:00:00,0,0
2024-10-09 01:00:00,0,0
2024-10-09 02:00:00,0,0
2024-10-09 03:00:00,0,0
2024-10-09 04:00:00,0,0
2024-10-09 05:00:00,0,0
2024-10-09 18:00:00,0,0
2024-10-09 19:00:00,0,0
2024-10-09 20:00:00,0,0
2024-10-09 21:00:00,0,0
2024-10-09 22:00:00,0,0
2024-10-09 23:00:00,0,0
2024-10-10 00:00:00,0,0
2024-10-10 01:00:00,0,0
2024-10-10 02:00:00,0,0
2024-10-10 03:00:00,0,0
2024-10-10 04:00:00,0,0
2024-10-10 05:00:00,0,0
2024-10-10 18:00:00,0,0
2024-10-10 19:00:00,0,0
2024-10-10 20:00:00,0,0
2024-10-10 21:00:00,0,0
2024-10-10 22:00:00,0,0
2024-10-10 23:00:00,0,0
2024-10-11 00:00:00,0,0
2024-10-11 01:00:00,0,0
2024-10-11 02:00:00,0,0
2024-10-11 03:00:00,0,0
2024-10-11 04:00:00,0,0
2024-10-11 05:00:00,0,0
2024-10-11 18:00:00,0,0
2024-10-11 19:00:00,0,0
2024-10-11 20:00:00,0,0
2024-10-11 21:00:00,0,0
2024-10-11 22:00:00,0,0
2024-10-11 23:00:00,0,0
2024-10-12 00:00:00,0,0
2024-10-12 01:00:00,0,0
2024-10-12 02:00:00,0,0
2024-10-12 03:00:00,0,0
2024-10-12 04:00:00,0,0
2024-10-12 05:00:00,1,1
2024-10-12 18:00:00,1,0
2024-10-12 19:00:00,1,0
2024-10-12 20:00:00,1,0
2024-10-12 21:00:00,1,0
2024-10-12 22:00:00,1,0
2024-10-12 23:00:00,1,0
2024-10-13 00:00:00,1,0
2024-10-13 01:00:00,1,0
2024-10-13 02:00:00,1,0
2024-10-13 03:00:00,1,0
2024-10-13 04:00:00,1,0
2024-10-13 05:00:00,1,0
2024-10-13 18:00:00,1,0
2024-10-13 19:00:00,1,0
2024-10-13 20:00:00,1,0
2024-10-13 21:00:00,1,0
2024-10-13 22:00:00,1,0
2024-10-13 23:00:00,1,0
2024-10-14 00:00:00,1,0
2024-10-14 01:00:00,1,0
2024-10-14 02:00:00,0,0
2024-10-14 03:00:00,0,0
2024-10-14 04:00:00,0,0
2024-10-14 05:00:00,0,0
2024-10-14 18:00:00,0,0
2024-10-14 19:00:00,0,0
2024-10-14 20:00:00,0,0
2024-10-14 21:00:00,0,0
2024-10-14 22:00:00,0,0
2024-10-14 23:00:00,0,0
2024-10-15 00:00:00,0,0
2024-10-15 01:00:00,0,0
2024-10-15 02:00:00,0,0
2024-10-15 03:00:00,0,0
2024-10-15 04:00:00,1,0
2024-10-15 05:00:00,1,0
2024-10-15 18:00:00,0,0
2024-10-15 19:00:00,0,0
2024-10-15 20:00:00,0,0
2024-10-15 21:00:00,0,0
2024-10-15 22:00:00,0,0
2024-10-15 23:00:00,0,0
2024-10-16 00:00:00,0,0
2024-10-16 01:00:00,0,0
2024-10-16 02:00:00,0,0
2024-10-16 03:00:00,0,0
2024-10-16 04:00:00,0,0
2024-10-16 05:00:00,1,0
2024-10-16 18:00:00,0,0
2024-10-16 19:00:00,0,0
2024-10-16 20:00:00,0,0
2024-10-16 21:00:00,0,0
2024-10-16 22:00:00,0,0
2024-10-16 23:00:00,0,0
2024-10-17 00:00:00,0,0
2024-10-17 01:00:00,0,0
2024-10-17 02:00:00,0,0
2024-10-17 03:00:00,0,0
2024-10-17 04:00:00,0,0
2024-10-17 05:00:00,0,0
2024-10-17 18:00:00,0,0
2024-10-17 19:00:00,0,0
2024-10-17 20:00:00,0,0
2024-10-17 21:00:00,0,0
2024-10-17 22:00:00,0,0
2024-10-17 23:00:00,0,0
2024-10-18 00:00:00,0,0
2024-10-18 01:00:00,0,0
2024-10-18 02:00:00,0,0
2024-10-18 03:00:00,0,0
2024-10-18 04:00:00,0,0
2024-10-18 05:00:00,0,0
2024-10-18 18:00:00,0,0
2024-10-18 19:00:00,0,0
2024-10-18 20:00:00,0,0
2024-10-18 21:00:00,0,0
2024-10-18 22:00:00,0,0
2024-10-18 23:00:00,0,0
2024-10-19 00:00:00,0,0
2024-10-19 01:00:00,0,0
2024-10-19 02:00:00,0,0
2024-10-19 03:00:00,0,0
2024-10-19 04:00:00,0,0
2024-10-19 05:00:00,0,0
2024-10-19 18:00:00,0,0
2024-10-19 19:00:00,0,0
2024-10-19 20:00:00,0,0
2024-10-19 21:00:00,0,0
2024-10-19 22:00:00,0,0
2024-10-19 23:00:00,0,0
2024-10-20 00:00:00,0,0
2024-10-20 01:00:00,0,0
2024-10-20 02:00:00,0,0
2024-10-20 03:00:00,0,0
2024-10-20 04:00:00,0,0
2024-10-20 05:00:00,0,0
2024-10-20 18:00:00,0,0
2024-10-20 19:00:00,0,0
2024-10-20 20:00:00,0,0
2024-10-20 21:00:00,0,0
2024-10-20 22:00:00,0,0
2024-10-20 23:00:00,0,0
2024-10-21 00:00:00,0,0
2024-10-21 01:00:00,0,0
2024-10-21 02:00:00,0,0
2024-10-21 03:00:00,0,0
2024-10-21 04:00:00,0,0
2024-10-21 05:00:00,0,0
2024-10-21 18:00:00,0,0
2024-10-21 19:00:00,0,0
2024-10-21 20:00:00,0,0
2024-10-21 21:00:00,0,0
2024-10-21 22:00:00,0,0
2024-10-21 23:00:00,0,0
2024-10-22 00:00:00,0,0
2024-10-22 01:00:00,0,0
2024-10-22 02:00:00,0,0
2024-10-22 03:00:00,0,0
2024-10-22 04:00:00,0,0
2024-10-22 05:00:00,0,0
2024-10-22 18:00:00,0,0
2024-10-22 19:00:00,0,0
2024-10-22 20:00:00,0,0
2024-10-22 21:00:00,0,0
2024-10-22 22:00:00,0,0
2024-10-22 23:00:00,0,0
2024-10-23 00:00:00,0,0
2024-10-23 01:00:00,0,0
2024-10-23 02:00:00,0,0
2024-10-23 03:00:00,0,0
2024-10-23 04:00:00,0,0
2024-10-23 05:00:00,0,0
2024-10-23 18:00:00,0,0
2024-10-23 19:00:00,0,0
2024-10-23 20:00:00,0,0
2024-10-23 21:00:00,0,0
2024-10-23 22:00:00,0,0
2024-10-23 23:00:00,0,0
2024-10-24 00:00:00,0,0
2024-10-24 01:00:00,0,0
2024-10-24 02:00:00,0,0
2024-10-24 03:00:00,0,0
2024-10-24 04:00:00,0,0
2024-10-24 05:00:00,0,0
2024-10-24 18:00:00,0,0
2024-10-24 19:00:00,0,0
2024-10-24 20:00:00,0,0
2024-10-24 21:00:00,0,0
2024-10-24 22:00:00,0,0
2024-10-24 23:00:00,0,0
2024-10-25 00:00:00,0,0
2024-10-25 01:00:00,0,0
2024-10-25 02:00:00,0,0
2024-10-25 03:00:00,0,0
2024-10-25 04:00:00,0,0
2024-10-25 05:00:00,1,0
2024-10-25 18:00:00,0,0
2024-10-25 19:00:00,0,1
2024-10-25 20:00:00,0,0
2024-10-25 21:00:00,0,0
2024-10-25 22:00:00,0,0
2024-10-25 23:00:00,0,1
2024-10-26 00:00:00,0,1
2024-10-26 01:00:00,0,0
2024-10-26 02:00:00,0,1
2024-10-26 03:00:00,0,1
2024-10-26 04:00:00,0,0
2024-10-26 05:00:00,0,1
2024-10-26 18:00:00,0,0
2024-10-26 19:00:00,0,0
2024-10-26 20:00:00,0,0
2024-10-26 21:00:00,0,0
2024-10-26 22:00:00,0,0
2024-10-26 23:00:00,0,0
2024-10-27 00:00:00,0,0
2024-10-27 01:00:00,0,0
2024-10-27 02:00:00,0,0
2024-10-27 03:00:00,0,0
2024-10-27 04:00:00,0,0
2024-10-27 05:00:00,0,0
2024-10-27 18:00:00,0,0
2024-10-27 19:00:00,0,0
2024-10-27 20:00:00,0,0
2024-10-27 21:00:00,0,0
2024-10-27 22:00:00,0,0
2024-10-27 23:00:00,0,0
2024-10-28 00:00:00,0,1
2024-10-28 01:00:00,0,1
2024-10-28 02:00:00,0,0
2024-10-28 03:00:00,0,0
2024-10-28 04:00:00,0,0
2024-10-28 05:00:00,0,0
2024-10-28 18:00:00,0,0
2024-10-28 19:00:00,0,0
2024-10-28 20:00:00,0,0
2024-10-28 21:00:00,0,0
2024-10-28 22:00:00,1,0
2024-10-28 23:00:00,1,0
2024-10-29 00:00:00,1,0
2024-10-29 01:00:00,1,0
2024-10-29 02:00:00,1,0
2024-10-29 03:00:00,1,0
2024-10-29 04:00:00,1,0
2024-10-29 05:00:00,1,0
2024-10-29 18:00:00,0,0
2024-10-29 19:00:00,0,0
2024-10-29 20:00:00,0,0
2024-10-29 21:00:00,0,0
2024-10-29 22:00:00,0,0
2024-10-29 23:00:00,0,0
2024-10-30 00:00:00,0,0
2024-10-30 01:00:00,0,0
2024-10-30 02:00:00,0,0
2024-10-30 03:00:00,0,0
2024-10-30 04:00:00,0,0
2024-10-30 05:00:00,0,0
2024-10-30 18:00:00,0,0
2024-10-30 19:00:00,0,1
2024-10-30 20:00:00,0,0
2024-10-30 21:00:00,0,0
2024-10-30 22:00:00,0,0
2024-10-30 23:00:00,0,0
2024-10-31 00:00:00,0,0
2024-10-31 01:00:00,0,0
2024-10-31 02:00:00,0,0
2024-10-31 03:00:00,0,0
2024-10-31 04:00:00,0,0
2024-10-31 05:00:00,0,0
2024-10-31 18:00:00,0,0
2024-10-31 19:00:00,0,0
2024-10-31 20:00:00,0,0
2024-10-31 21:00:00,0,0
2024-10-31 22:00:00,0,0
2024-10-31 23:00:00,0,0
2024-11-01 00:00:00,0,0
2024-11-01 01:00:00,0,0
2024-11-01 02:00:00,0,0
2024-11-01 03:00:00,0,0
2024-11-01 04:00:00,0,0
2024-11-01 05:00:00,0,0
2024-11-01 18:00:00,0,0
2024-11-01 19:00:00,0,0
2024-11-01 20:00:00,0,0
2024-11-01 21:00:00,0,0
2024-11-01 22:00:00,0,0
2024-11-01 23:00:00,0,0
2024-11-02 00:00:00,0,0
2024-11-02 01:00:00,0,0
2024-11-02 02:00:00,0,0
2024-11-02 03:00:00,0,0
2024-11-02 04:00:00,0,0
2024-11-02 05:00:00,0,0
2024-11-02 18:00:00,0,0
2024-11-02 19:00:00,0,0
2024-11-02 20:00:00,0,0
2024-11-02 21:00:00,0,0
2024-11-02 22:00:00,0,0
2024-11-02 23:00:00,0,0
2024-11-03 00:00:00,0,0
2024-11-03 01:00:00,0,0
2024-11-03 02:00:00,0,0
2024-11-03 03:00:00,0,0
2024-11-03 04:00:00,0,0
2024-11-03 05:00:00,0,0
2024-11-03 18:00:00,0,0
2024-11-03 19:00:00,0,0
2024-11-03 20:00:00,0,0
2024-11-03 21:00:00,0,0
2024-11-03 22:00:00,0,0
2024-11-03 23:00:00,0,0
2024-11-04 00:00:00,0,0
2024-11-04 01:00:00,0,0
2024-11-04 02:00:00,1,0
2024-11-04 03:00:00,1,0
2024-11-04 04:00:00,1,0
2024-11-04 05:00:00,1,0
2024-11-04 18:00:00,0,0
2024-11-04 19:00:00,0,0
2024-11-04 20:00:00,0,0
2024-11-04 21:00:00,0,0
2024-11-04 22:00:00,0,0
2024-11-04 23:00:00,0,0
2024-11-05 00:00:00,0,0
2024-11-05 01:00:00,0,0
2024-11-05 02:00:00,0,0
2024-11-05 03:00:00,0,0
2024-11-05 04:00:00,0,0
2024-11-05 05:00:00,0,0
2024-11-05 18:00:00,0,0
2024-11-05 19:00:00,0,0
2024-11-05 20:00:00,0,0
2024-11-05 21:00:00,0,0
2024-11-05 22:00:00,0,0
2024-11-05 23:00:00,0,0
2024-11-06 00:00:00,0,0
2024-11-06 01:00:00,0,0
2024-11-06 02:00:00,0,0
2024-11-06 03:00:00,0,0
2024-11-06 04:00:00,0,0
2024-11-06 05:00:00,0,0
2024-11-06 18:00:00,0,0
2024-11-06 19:00:00,0,0
2024-11-06 20:00:00,0,0
2024-11-06 21:00:00,0,0
2024-11-06 22:00:00,0,0
2024-11-06 23:00:00,0,0
2024-11-07 00:00:00,0,0
2024-11-07 01:00:00,0,0
2024-11-07 02:00:00,0,0
2024-11-07 03:00:00,0,0
2024-11-07 04:00:00,0,0
2024-11-07 05:00:00,0,0
2024-11-07 18:00:00,0,0
2024-11-07 19:00:00,0,0
2024-11-07 20:00:00,0,0
2024-11-07 21:00:00,0,0
2024-11-07 22:00:00,0,0
2024-11-07 23:00:00,0,0
2024-11-08 00:00:00,0,0
2024-11-08 01:00:00,0,0
2024-11-08 02:00:00,0,0
2024-11-08 03:00:00,0,0
2024-11-08 04:00:00,0,0
2024-11-08 05:00:00,0,0
2024-11-08 18:00:00,0,0
2024-11-08 19:00:00,0,0
2024-11-08 20:00:00,0,0
2024-11-08 21:00:00,0,0
2024-11-08 22:00:00,0,0
2024-11-08 23:00:00,0,0
2024-11-09 00:00:00,0,0
2024-11-09 01:00:00,0,0
2024-11-09 02:00:00,0,0
2024-11-09 03:00:00,0,0
2024-11-09 04:00:00,0,0
2024-11-09 05:00:00,0,0
2024-11-09 18:00:00,0,0
2024-11-09 19:00:00,0,0
2024-11-09 20:00:00,0,0
2024-11-09 21:00:00,0,0
2024-11-09 22:00:00,0,0
2024-11-09 23:00:00,0,0
2024-11-10 00:00:00,0,0
2024-11-10 01:00:00,0,0
2024-11-10 02:00:00,0,0
2024-11-10 03:00:00,0,0
2024-11-10 04:00:00,0,0
2024-11-10 05:00:00,0,0
2024-11-10 18:00:00,0,0
2024-11-10 19:00:00,0,0
2024-11-10 20:00:00,0,0
2024-11-10 21:00:00,0,0
2024-11-10 22:00:00,0,0
2024-11-10 23:00:00,0,0
2024-11-11 00:00:00,0,0
2024-11-11 01:00:00,0,0
2024-11-11 02:00:00,0,0
2024-11-11 03:00:00,0,0
2024-11-11 04:00:00,0,0
2024-11-11 05:00:00,0,0
2024-11-11 18:00:00,0,0
2024-11-11 19:00:00,0,0
2024-11-11 20:00:00,0,0
2024-11-11 21:00:00,0,0
2024-11-11 22:00:00,0,0
2024-11-11 23:00:00,0,0
2024-11-12 00:00:00,0,0
2024-11-12 01:00:00,0,0
2024-11-12 02:00:00,0,0
2024-11-12 03:00:00,0,0
2024-11-12 04:00:00,0,0
2024-11-12 05:00:00,0,0
2024-11-12 18:00:00,0,0
2024-11-12 19:00:00,0,0
2024-11-12 20:00:00,0,0
2024-11-12 21:00:00,0,0
2024-11-12 22:00:00,0,0
2024-11-12 23:00:00,0,0
2024-11-13 00:00:00,0,0
2024-11-13 01:00:00,0,0
2024-11-13 02:00:00,0,0
2024-11-13 03:00:00,0,0
2024-11-13 04:00:00,0,0
2024-11-13 05:00:00,0,1
2024-11-13 18:00:00,0,0
2024-11-13 19:00:00,0,0
2024-11-13 20:00:00,0,0
2024-11-13 21:00:00,0,0
2024-11-13 22:00:00,0,0
2024-11-13 23:00:00,0,0
2024-11-14 00:00:00,0,0
2024-11-14 01:00:00,0,0
2024-11-14 02:00:00,0,1
2024-11-14 03:00:00,0,0
2024-11-14 04:00:00,0,0
2024-11-14 05:00:00,0,0
2024-11-14 18:00:00,0,0
2024-11-14 19:00:00,0,0
2024-11-14 20:00:00,0,0
2024-11-14 21:00:00,0,0
2024-11-14 22:00:00,0,0
2024-11-14 23:00:00,0,0
2024-11-15 00:00:00,0,0
2024-11-15 01:00:00,0,0
2024-11-15 02:00:00,0,0
2024-11-15 03:00:00,0,0
2024-11-15 04:00:00,0,0
2024-11-15 05:00:00,0,0
2024-11-15 18:00:00,0,0
2024-11-15 19:00:00,0,0
2024-11-15 20:00:00,0,0
2024-11-15 21:00:00,0,0
2024-11-15 22:00:00,0,0
2024-11-15 23:00:00,0,0
2024-11-16 00:00:00,0,0
2024-11-16 01:00:00,0,0
2024-11-16 02:00:00,0,0
2024-11-16 03:00:00,0,0
2024-11-16 04:00:00,0,0
2024-11-16 05:00:00,0,0
2024-11-16 18:00:00,0,0
2024-11-16 19:00:00,0,0
2024-11-16 20:00:00,0,0
2024-11-16 21:00:00,0,0
2024-11-16 22:00:00,0,0
2024-11-16 23:00:00,0,0
2024-11-17 00:00:00,0,0
2024-11-17 01:00:00,0,0
2024-11-17 02:00:00,0,0
2024-11-17 03:00:00,0,0
2024-11-17 04:00:00,0,0
2024-11-17 05:00:00,0,0
2024-11-17 18:00:00,0,0
2024-11-17 19:00:00,0,0
2024-11-17 20:00:00,0,0
2024-11-17 21:00:00,0,0
2024-11-17 22:00:00,0,0
2024-11-17 23:00:00,0,0
2024-11-18 00:00:00,0,0
2024-11-18 01:00:00,0,0
2024-11-18 02:00:00,0,0
2024-11-18 03:00:00,0,0
2024-11-18 04:00:00,0,0
2024-11-18 05:00:00,0,0
2024-11-18 18:00:00,0,0
2024-11-18 19:00:00,0,0
2024-11-18 20:00:00,0,0
2024-11-18 21:00:00,0,0
2024-11-18 22:00:00,0,0
2024-11-18 23:00:00,0,0
2024-11-19 00:00:00,0,0
2024-11-19 01:00:00,0,0
2024-11-19 02:00:00,0,0
2024-11-19 03:00:00,0,0
2024-11-19 04:00:00,0,0
2024-11-19 05:00:00,0,0
2024-11-19 18:00:00,1,0
2024-11-19 19:00:00,1,0
2024-11-19 20:00:00,1,0
2024-11-19 21:00:00,1,0
2024-11-19 22:00:00,1,0
2024-11-19 23:00:00,1,0
2024-11-20 00:00:00,0,0
2024-11-20 01:00:00,0,0
2024-11-20 02:00:00,0,0
2024-11-20 03:00:00,0,0
2024-11-20 04:00:00,0,0
2024-11-20 05:00:00,0,0
2024-11-20 18:00:00,0,0
2024-11-20 19:00:00,0,0
2024-11-20 20:00:00,0,0
2024-11-20 21:00:00,0,0
2024-11-20 22:00:00,0,0
2024-11-20 23:00:00,0,0
2024-11-21 00:00:00,0,0
2024-11-21 01:00:00,0,0
2024-11-21 02:00:00,0,0
2024-11-21 03:00:00,0,0
2024-11-21 04:00:00,0,0
2024-11-21 05:00:00,0,0
2024-11-21 18:00:00,0,0
2024-11-21 19:00:00,0,0
2024-11-21 20:00:00,0,0
2024-11-21 21:00:00,0,0
2024-11-21 22:00:00,0,0
2024-11-21 23:00:00,0,0
2024-11-22 00:00:00,0,0
2024-11-22 01:00:00,0,0
2024-11-22 02:00:00,0,0
2024-11-22 03:00:00,0,0
2024-11-22 04:00:00,0,0
2024-11-22 05:00:00,0,0
2024-11-22 18:00:00,0,0
2024-11-22 19:00:00,0,0
2024-11-22 20:00:00,0,0
2024-11-22 21:00:00,0,0
2024-11-22 22:00:00,0,0
2024-11-22 23:00:00,0,0
2024-11-23 00:00:00,0,0
2024-11-23 01:00:00,0,0
2024-11-23 02:00:00,0,0
2024-11-23 03:00:00,0,0
2024-11-23 04:00:00,0,0
2024-11-23 05:00:00,0,0
2024-11-23 18:00:00,0,0
2024-11-23 19:00:00,0,0
2024-11-23 20:00:00,0,0
2024-11-23 21:00:00,0,0
2024-11-23 22:00:00,0,0
2024-11-23 23:00:00,0,0
2024-11-24 00:00:00,0,0
2024-11-24 01:00:00,0,0
2024-11-24 02:00:00,0,0
2024-11-24 03:00:00,0,0
2024-11-24 04:00:00,0,0
2024-11-24 05:00:00,0,0
2024-11-24 18:00:00,0,0
2024-11-24 19:00:00,0,0
2024-11-24 20:00:00,0,0
2024-11-24 21:00:00,0,0
2024-11-24 22:00:00,0,0
2024-11-24 23:00:00,0,0
2024-11-25 00:00:00,0,0
2024-11-25 01:00:00,0,0
2024-11-25 02:00:00,0,0
2024-11-25 03:00:00,0,0
2024-11-25 04:00:00,0,0
2024-11-25 05:00:00,0,0
2024-11-25 18:00:00,0,0
2024-11-25 19:00:00,0,0
2024-11-25 20:00:00,0,0
2024-11-25 21:00:00,0,0
2024-11-25 22:00:00,0,0
2024-11-25 23:00:00,0,0
2024-11-26 00:00:00,0,0
2024-11-26 01:00:00,0,0
2024-11-26 02:00:00,0,0
2024-11-26 03:00:00,0,0
2024-11-26 04:00:00,0,0
2024-11-26 05:00:00,0,0
2024-11-26 18:00:00,0,0
2024-11-26 19:00:00,0,0
2024-11-26 20:00:00,0,0
2024-11-26 21:00:00,0,0
2024-11-26 22:00:00,0,0
2024-11-26 23:00:00,0,0
2024-11-27 00:00:00,0,0
2024-11-27 01:00:00,0,0
2024-11-27 02:00:00,0,0
2024-11-27 03:00:00,0,0
2024-11-27 04:00:00,0,0
2024-11-27 05:00:00,0,0
2024-11-27 18:00:00,0,0
2024-11-27 19:00:00,0,0
2024-11-27 20:00:00,0,0
2024-11-27 21:00:00,0,0
2024-11-27 22:00:00,0,0
2024-11-27 23:00:00,0,0
2024-11-28 00:00:00,0,0
2024-11-28 01:00:00,0,0
2024-11-28 02:00:00,0,0
2024-11-28 03:00:00,0,0
2024-11-28 04:00:00,0,0
2024-11-28 05:00:00,0,0
2024-11-28 18:00:00,0,0
2024-11-28 19:00:00,0,0
2024-11-28 20:00:00,0,0
2024-11-28 21:00:00,0,0
2024-11-28 22:00:00,0,0
2024-11-28 23:00:00,0,0
2024-11-29 00:00:00,0,0
2024-11-29 01:00:00,0,0
2024-11-29 02:00:00,0,0
2024-11-29 03:00:00,0,0
2024-11-29 04:00:00,0,0
2024-11-29 05:00:00,0,0
2024-11-29 18:00:00,0,0
2024-11-29 19:00:00,0,0
2024-11-29 20:00:00,0,0
2024-11-29 21:00:00,0,0
2024-11-29 22:00:00,0,0
2024-11-29 23:00:00,0,0
2024-11-30 00:00:00,0,0
2024-11-30 01:00:00,0,0
2024-11-30 02:00:00,0,0
2024-11-30 03:00:00,0,0
2024-11-30 04:00:00,0,0
2024-11-30 05:00:00,0,0
2024-11-30 18:00:00,0,0
2024-11-30 19:00:00,0,0
2024-11-30 20:00:00,0,0
2024-11-30 21:00:00,0,0
2024-11-30 22:00:00,0,0
2024-11-30 23:00:00,0,0
