POD,FAR,FBIAS,POFD,TS,HSS,ACCURACY,OBS_RATE,FC_RATE,HITS,FALSE_ALARMS,MISSES,CORRECT_NEGATIVES,station,period,month,year,fog_type,n_obs
0.14285714285714285,0.9230769230769231,1.8571428571428572,0.0670391061452514,0.05263157894736842,0.053702656868287166,0.9032258064516129,0.03763440860215054,0.06989247311827956,2,24,12,334,AGADIR-MASSIRA,mensuel,1,2024,cf,372
0.2682926829268293,0.6071428571428571,0.6829268292682927,0.05537459283387622,0.1896551724137931,0.2468226192669,0.8649425287356322,0.11781609195402298,0.08045977011494253,11,17,30,290,AGADIR-MASSIRA,mensuel,2,2024,cf,348
0.2857142857142857,0.3939393939393939,0.4714285714285714,0.04304635761589404,0.24096385542168675,0.30448717948717946,0.8306451612903226,0.1881720430107527,0.08870967741935484,20,13,50,289,AGADIR-MASSIRA,mensuel,3,2024,cf,372
0.3541666666666667,0.6382978723404256,0.9791666666666666,0.09615384615384616,0.21794871794871795,0.2603071948261924,0.8305555555555556,0.13333333333333333,0.13055555555555556,17,30,31,282,AGADIR-MASSIRA,mensuel,4,2024,cf,360
0.3142857142857143,0.2786885245901639,0.4357142857142857,0.07327586206896551,0.2802547770700637,0.2713721139846079,0.696236559139785,0.3763440860215054,0.1639784946236559,44,17,96,215,AGADIR-MASSIRA,mensuel,5,2024,cf,372
0.474025974025974,0.18888888888888888,0.5844155844155844,0.0825242718446602,0.4269005847953216,0.41317365269461076,0.7277777777777777,0.42777777777777776,0.25,73,17,81,189,AGADIR-MASSIRA,mensuel,6,2024,cf,360
0.10062893081761007,0.1111111111111111,0.11320754716981132,0.009389671361502348,0.09937888198757763,0.1027944111776447,0.6102150537634409,0.4274193548387097,0.04838709677419355,16,2,143,211,AGADIR-MASSIRA,mensuel,7,2024,cf,372
0.30327868852459017,0.3018867924528302,0.4344262295081967,0.064,0.26811594202898553,0.27978837601594847,0.728494623655914,0.3279569892473118,0.1424731182795699,37,16,85,234,AGADIR-MASSIRA,mensuel,8,2024,cf,372
0.4396551724137931,0.2714285714285714,0.603448275862069,0.0778688524590164,0.37777777777777777,0.4037854889589905,0.7666666666666667,0.32222222222222224,0.19444444444444445,51,19,65,225,AGADIR-MASSIRA,mensuel,9,2024,cf,360
0.696,0.3829787234042553,1.128,0.21862348178137653,0.4860335195530726,0.46274842234152774,0.7526881720430108,0.33602150537634407,0.3790322580645161,87,54,38,193,AGADIR-MASSIRA,mensuel,10,2024,cf,372
0.4,0.5,0.8,0.05,0.2857142857142857,0.3835616438356164,0.8888888888888888,0.1111111111111111,0.08888888888888889,16,16,24,304,AGADIR-MASSIRA,mensuel,11,2024,cf,360
0.6153846153846154,0.5862068965517241,1.4871794871794872,0.1021021021021021,0.3287671232876712,0.42243346007604565,0.8682795698924731,0.10483870967741936,0.15591397849462366,24,34,15,299,AGADIR-MASSIRA,mensuel,12,2024,cf,372
0.37265917602996257,0.3942161339421613,0.6151685393258427,0.07791817087845969,0.29992464204973623,0.3390136935171577,0.7884790528233151,0.24316939890710382,0.14959016393442623,398,259,670,3065,AGADIR-MASSIRA,annuel,all,2024,cf,4392
0.0,1.0,8.666666666666666,0.07046070460704607,0.0,-0.014672686230248307,0.9220430107526881,0.008064516129032258,0.06989247311827956,0,26,3,343,AGADIR-MASSIRA,mensuel,1,2024,hc,372
0.3333333333333333,0.7142857142857143,1.1666666666666667,0.06172839506172839,0.18181818181818182,0.2521489971346705,0.896551724137931,0.06896551724137931,0.08045977011494253,8,20,16,304,AGADIR-MASSIRA,mensuel,2,2024,hc,348
0.38235294117647056,0.6060606060606061,0.9705882352941176,0.05917159763313609,0.24074074074074073,0.32751322751322753,0.8897849462365591,0.0913978494623656,0.08870967741935484,13,20,21,318,AGADIR-MASSIRA,mensuel,3,2024,hc,372
0.7333333333333333,0.7659574468085106,3.1333333333333333,0.10434782608695652,0.21568627450980393,0.3113342898134864,0.8888888888888888,0.041666666666666664,0.13055555555555556,11,36,4,309,AGADIR-MASSIRA,mensuel,4,2024,hc,360
0.29850746268656714,0.6721311475409836,0.9104477611940298,0.13442622950819672,0.18518518518518517,0.17002180416814563,0.7634408602150538,0.18010752688172044,0.1639784946236559,20,41,47,264,AGADIR-MASSIRA,mensuel,5,2024,hc,372
0.48936170212765956,0.4888888888888889,0.9574468085106383,0.16541353383458646,0.3333333333333333,0.3284671532846715,0.7444444444444445,0.2611111111111111,0.25,46,44,48,222,AGADIR-MASSIRA,mensuel,6,2024,hc,360
0.09876543209876543,0.5555555555555556,0.2222222222222222,0.03436426116838488,0.08791208791208792,0.08952583156404813,0.7768817204301075,0.21774193548387097,0.04838709677419355,8,10,73,281,AGADIR-MASSIRA,mensuel,7,2024,hc,372
0.3275862068965517,0.6415094339622641,0.9137931034482759,0.10828025477707007,0.20652173913043478,0.22729342135215114,0.803763440860215,0.15591397849462366,0.1424731182795699,19,34,39,280,AGADIR-MASSIRA,mensuel,8,2024,hc,372
0.59375,0.45714285714285713,1.09375,0.10810810810810811,0.3958333333333333,0.4684317718940937,0.8388888888888889,0.17777777777777778,0.19444444444444445,38,32,26,264,AGADIR-MASSIRA,mensuel,9,2024,hc,360
0.7619047619047619,0.5460992907801419,1.6785714285714286,0.2673611111111111,0.39751552795031053,0.3987202559488102,0.739247311827957,0.22580645161290322,0.3790322580645161,64,77,20,211,AGADIR-MASSIRA,mensuel,10,2024,hc,372
0.5,0.65625,1.4545454545454546,0.0621301775147929,0.2558139534883721,0.3611357586512866,0.9111111111111111,0.06111111111111111,0.08888888888888889,11,21,11,317,AGADIR-MASSIRA,mensuel,11,2024,hc,360
0.8461538461538461,0.8103448275862069,4.461538461538462,0.1309192200557103,0.18333333333333332,0.26806938644394473,0.8682795698924731,0.03494623655913978,0.15591397849462366,11,47,2,312,AGADIR-MASSIRA,mensuel,12,2024,hc,372
0.44543828264758495,0.6210045662100456,1.1753130590339893,0.10644403861205322,0.25749741468459153,0.31538079774284183,0.8365209471766849,0.12727686703096538,0.14959016393442623,249,408,310,3425,AGADIR-MASSIRA,annuel,all,2024,hc,4392
0.3163265306122449,0.24390243902439024,0.41836734693877553,0.12195121951219512,0.28703703703703703,0.18393782383419688,0.5722222222222222,0.5444444444444444,0.22777777777777777,62,20,134,144,TETOUAN,mensuel,6,2024,cf,360
0.1337579617834395,0.16,0.1592356687898089,0.018604651162790697,0.13043478260869565,0.12988271460554016,0.6236559139784946,0.4220430107526882,0.06720430107526881,21,4,136,211,TETOUAN,mensuel,7,2024,cf,372
0.5506329113924051,0.09375,0.6075949367088608,0.04455445544554455,0.5209580838323353,0.5286724273369993,0.7777777777777778,0.4388888888888889,0.26666666666666666,87,9,71,193,TETOUAN,mensuel,9,2024,cf,360
0.2987551867219917,0.2087912087912088,0.3775933609958506,0.1450381679389313,0.27692307692307694,0.12187036990532633,0.4946236559139785,0.6478494623655914,0.2446236559139785,72,19,169,112,TETOUAN,mensuel,10,2024,cf,372
0.41522491349480967,0.1891891891891892,0.5121107266435986,0.39436619718309857,0.3785488958990536,0.011925991975033438,0.4527777777777778,0.8027777777777778,0.4111111111111111,120,28,169,43,TETOUAN,mensuel,11,2024,cf,360
0.3,0.37209302325581395,0.4777777777777778,0.16666666666666666,0.25471698113207547,0.1355453582774444,0.5752688172043011,0.4838709677419355,0.23118279569892472,54,32,126,160,TETOUAN,mensuel,12,2024,cf,372
0.3088235294117647,0.7307692307692307,1.1470588235294117,0.1875,0.168,0.11477210323997804,0.7204301075268817,0.1827956989247312,0.20967741935483872,21,57,47,247,TETOUAN,mensuel,1,2024,cf,372
0.3088235294117647,0.7878787878787878,1.4558823529411764,0.2785714285714286,0.14383561643835616,0.025799516259070142,0.6408045977011494,0.19540229885057472,0.28448275862068967,21,78,47,202,TETOUAN,mensuel,2,2024,cf,348
0.05172413793103448,0.8571428571428571,0.3620689655172414,0.05732484076433121,0.039473684210526314,-0.007569011576135352,0.803763440860215,0.15591397849462366,0.056451612903225805,3,18,55,296,TETOUAN,mensuel,3,2024,cf,372
0.28415300546448086,0.3333333333333333,0.4262295081967213,0.14689265536723164,0.24880382775119617,0.13593835993395706,0.5638888888888889,0.5083333333333333,0.21666666666666667,52,26,131,151,TETOUAN,mensuel,4,2024,cf,360
0.28292682926829266,0.15942028985507245,0.33658536585365856,0.0658682634730539,0.26851851851851855,0.2018251446264157,0.5752688172043011,0.5510752688172043,0.18548387096774194,58,11,147,156,TETOUAN,mensuel,5,2024,cf,372
0.31669439822518025,0.3459335624284078,0.4841930116472546,0.13622011727559766,0.27125890736342045,0.18960581022466444,0.618407960199005,0.44850746268656716,0.2171641791044776,571,302,1232,1915,TETOUAN,annuel,all,2024,cf,4020
0.37894736842105264,0.4782608695652174,0.7263157894736842,0.11913357400722022,0.28125,0.285481648503069,0.7526881720430108,0.2553763440860215,0.18548387096774194,36,33,59,244,TETOUAN,mensuel,5,2024,hc,372
0.4074074074074074,0.5975609756097561,1.0123456790123457,0.17562724014336917,0.25384615384615383,0.23076923076923078,0.7305555555555555,0.225,0.22777777777777777,33,49,48,230,TETOUAN,mensuel,6,2024,hc,360
0.21978021978021978,0.2,0.27472527472527475,0.017793594306049824,0.20833333333333334,0.2676027148852391,0.7956989247311828,0.2446236559139785,0.06720430107526881,20,5,71,276,TETOUAN,mensuel,7,2024,hc,372
0.72,0.4375,1.28,0.14736842105263157,0.46153846153846156,0.5190839694656488,0.825,0.20833333333333334,0.26666666666666666,54,42,21,243,TETOUAN,mensuel,9,2024,hc,360
0.3805309734513274,0.5274725274725275,0.8053097345132744,0.18532818532818532,0.2670807453416149,0.20653627851487655,0.6827956989247311,0.30376344086021506,0.2446236559139785,43,48,70,211,TETOUAN,mensuel,10,2024,hc,372
0.5109489051094891,0.527027027027027,1.0802919708029197,0.34977578475336324,0.32558139534883723,0.15871583290355853,0.5972222222222222,0.38055555555555554,0.4111111111111111,70,78,67,145,TETOUAN,mensuel,11,2024,hc,360
0.4423076923076923,0.7325581395348837,1.6538461538461537,0.196875,0.2,0.19267786374787696,0.7526881720430108,0.13978494623655913,0.23118279569892472,23,63,29,257,TETOUAN,mensuel,12,2024,hc,372
0.5416666666666666,0.8333333333333334,3.25,0.1867816091954023,0.14606741573033707,0.17333333333333334,0.7956989247311828,0.06451612903225806,0.20967741935483872,13,65,11,283,TETOUAN,mensuel,1,2024,hc,372
0.23529411764705882,0.9595959595959596,5.823529411764706,0.28700906344410876,0.03571428571428571,-0.015728879520025944,0.6896551724137931,0.04885057471264368,0.28448275862068967,4,95,13,236,TETOUAN,mensuel,2,2024,hc,348
0.07142857142857142,0.9047619047619048,0.75,0.055232558139534885,0.0425531914893617,0.018296973961998593,0.8790322580645161,0.07526881720430108,0.056451612903225805,2,19,26,325,TETOUAN,mensuel,3,2024,hc,372
0.4507042253521127,0.5897435897435898,1.0985915492957747,0.15916955017301038,0.27350427350427353,0.2810826050183253,0.7638888888888888,0.19722222222222222,0.21666666666666667,32,46,39,243,TETOUAN,mensuel,4,2024,hc,360
0.42091836734693877,0.6219931271477663,1.1135204081632653,0.16779975278121137,0.24868123587038432,0.24268122070731005,0.7519900497512437,0.19502487562189055,0.2171641791044776,330,543,454,2693,TETOUAN,annuel,all,2024,hc,4020
0.3925925925925926,0.11666666666666667,0.4444444444444444,0.029535864978902954,0.3732394366197183,0.41235356762513314,0.760752688172043,0.3629032258064516,0.16129032258064516,53,7,82,230,TANGER-AERO,mensuel,8,2024,cf,372
0.34545454545454546,0.2830188679245283,0.4818181818181818,0.06,0.304,0.33390046788600597,0.7583333333333333,0.3055555555555556,0.14722222222222223,38,15,72,235,TANGER-AERO,mensuel,9,2024,cf,360
0.1891891891891892,0.125,0.21621621621621623,0.017857142857142856,0.18421052631578946,0.19760645699972168,0.6666666666666666,0.3978494623655914,0.08602150537634409,28,4,120,220,TANGER-AERO,mensuel,10,2024,cf,372
0.3770491803278688,0.28125,0.5245901639344263,0.030100334448160536,0.32857142857142857,0.4279145252907763,0.8694444444444445,0.16944444444444445,0.08888888888888889,23,9,38,290,TANGER-AERO,mensuel,11,2024,cf,360
0.13043478260869565,0.7,0.43478260869565216,0.04294478527607362,0.1,0.11553363860514265,0.8548387096774194,0.12365591397849462,0.053763440860215055,6,14,40,312,TANGER-AERO,mensuel,12,2024,cf,372
0.16279069767441862,0.5333333333333333,0.3488372093023256,0.0243161094224924,0.13725490196078433,0.19313812481514345,0.8817204301075269,0.11559139784946236,0.04032258064516129,7,8,36,321,TANGER-AERO,mensuel,1,2024,cf,372
0.03333333333333333,0.625,0.08888888888888889,0.01937984496124031,0.031578947368421054,0.019838354151359296,0.735632183908046,0.25862068965517243,0.022988505747126436,3,5,87,253,TANGER-AERO,mensuel,2,2024,cf,348
0.0916030534351145,0.25,0.12213740458015267,0.016597510373443983,0.08888888888888889,0.0937970371544007,0.6693548387096774,0.3521505376344086,0.043010752688172046,12,4,119,237,TANGER-AERO,mensuel,3,2024,cf,372
0.30434782608695654,0.2631578947368421,0.41304347826086957,0.01592356687898089,0.27450980392156865,0.38481433585811936,0.8972222222222223,0.12777777777777777,0.05277777777777778,14,5,32,309,TANGER-AERO,mensuel,4,2024,cf,360
0.25316455696202533,0.16666666666666666,0.3037974683544304,0.013651877133105802,0.24096385542168675,0.32116788321167883,0.8306451612903226,0.21236559139784947,0.06451612903225806,20,4,59,289,TANGER-AERO,mensuel,5,2024,cf,372
0.2785714285714286,0.23529411764705882,0.36428571428571427,0.05454545454545454,0.2565789473684211,0.2533039647577093,0.6861111111111111,0.3888888888888889,0.14166666666666666,39,12,101,208,TANGER-AERO,mensuel,6,2024,cf,360
0.2894736842105263,0.05714285714285714,0.30701754385964913,0.007751937984496124,0.28448275862068967,0.34926656550328783,0.7768817204301075,0.3064516129032258,0.09408602150537634,33,2,81,256,TANGER-AERO,mensuel,7,2024,cf,372
0.24146981627296588,0.24383561643835616,0.3193350831146107,0.027393044013542627,0.22402597402597402,0.27466985077597117,0.7823315118397086,0.26024590163934425,0.0831056466302368,276,89,867,3160,TANGER-AERO,annuel,all,2024,cf,4392
0.4657534246575342,0.43333333333333335,0.821917808219178,0.08695652173913043,0.3434343434343434,0.4061302681992337,0.8252688172043011,0.19623655913978494,0.16129032258064516,34,26,39,273,TANGER-AERO,mensuel,8,2024,hc,372
0.6190476190476191,0.5094339622641509,1.2619047619047619,0.08490566037735849,0.37681159420289856,0.47962888261395725,0.8805555555555555,0.11666666666666667,0.14722222222222223,26,27,16,291,TANGER-AERO,mensuel,9,2024,hc,360
0.3,0.4375,0.5333333333333333,0.04487179487179487,0.24324324324324326,0.31437598736176936,0.8494623655913979,0.16129032258064516,0.08602150537634409,18,14,42,298,TANGER-AERO,mensuel,10,2024,hc,372
0.9285714285714286,0.59375,2.2857142857142856,0.05491329479768786,0.3939393939393939,0.5403472931562819,0.9444444444444444,0.03888888888888889,0.08888888888888889,13,19,1,327,TANGER-AERO,mensuel,11,2024,hc,360
0.2222222222222222,0.9,2.2222222222222223,0.049586776859504134,0.07407407407407407,0.10817031070195628,0.9327956989247311,0.024193548387096774,0.053763440860215055,2,18,7,345,TANGER-AERO,mensuel,12,2024,hc,372
0.39705882352941174,0.22857142857142856,0.5147058823529411,0.02631578947368421,0.35526315789473684,0.45678865180593636,0.8682795698924731,0.1827956989247312,0.09408602150537634,27,8,41,296,TANGER-AERO,mensuel,7,2024,hc,372
0.0,1.0,2.5,0.040983606557377046,0.0,-0.02358490566037736,0.9435483870967742,0.016129032258064516,0.04032258064516129,0,15,6,351,TANGER-AERO,mensuel,1,2024,hc,372
0.03571428571428571,0.875,0.2857142857142857,0.021875,0.02857142857142857,0.02052980132450331,0.9022988505747126,0.08045977011494253,0.022988505747126436,1,7,27,313,TANGER-AERO,mensuel,2,2024,hc,348
0.02702702702702703,0.9375,0.43243243243243246,0.04477611940298507,0.019230769230769232,-0.023742715303259228,0.8629032258064516,0.09946236559139784,0.043010752688172046,1,15,36,320,TANGER-AERO,mensuel,3,2024,hc,372
0.5555555555555556,0.47368421052631576,1.0555555555555556,0.02631578947368421,0.37037037037037035,0.5156695156695157,0.9527777777777777,0.05,0.05277777777777778,10,9,8,333,TANGER-AERO,mensuel,4,2024,hc,360
0.43333333333333335,0.4583333333333333,0.8,0.03216374269005848,0.3170731707317073,0.44144144144144143,0.9247311827956989,0.08064516129032258,0.06451612903225806,13,11,17,331,TANGER-AERO,mensuel,5,2024,hc,372
0.37254901960784315,0.6274509803921569,1.0,0.10355987055016182,0.2289156626506024,0.26898914905768134,0.8222222222222222,0.14166666666666666,0.14166666666666666,19,32,32,277,TANGER-AERO,mensuel,6,2024,hc,360
0.3761467889908257,0.5506849315068493,0.8371559633027523,0.050808897876643076,0.25745682888540034,0.35074906741606743,0.892304189435337,0.09927140255009108,0.0831056466302368,164,201,272,3755,TANGER-AERO,annuel,all,2024,hc,4392
0.2037037037037037,0.75,0.8148148148148148,0.10377358490566038,0.12643678160919541,0.10825132475397427,0.7956989247311828,0.14516129032258066,0.11827956989247312,11,33,43,285,AL-HOCEIMA,mensuel,1,2024,cf,372
0.17647058823529413,0.34782608695652173,0.27058823529411763,0.027874564459930314,0.16129032258064516,0.19991176308388023,0.7903225806451613,0.22849462365591397,0.06182795698924731,15,8,70,279,AL-HOCEIMA,mensuel,8,2024,cf,372
0.056179775280898875,0.6875,0.1797752808988764,0.04059040590405904,0.05,0.021515220874341955,0.7361111111111112,0.24722222222222223,0.044444444444444446,5,11,84,260,AL-HOCEIMA,mensuel,9,2024,cf,360
0.12264150943396226,0.5185185185185185,0.25471698113207547,0.05263157894736842,0.10833333333333334,0.0902358749314317,0.7123655913978495,0.2849462365591398,0.07258064516129033,13,14,93,252,AL-HOCEIMA,mensuel,10,2024,cf,372
0.3308270676691729,0.38028169014084506,0.5338345864661654,0.11894273127753303,0.275,0.23451992521171683,0.6777777777777778,0.36944444444444446,0.19722222222222222,44,27,89,200,AL-HOCEIMA,mensuel,11,2024,cf,360
0.12244897959183673,0.8125,0.6530612244897959,0.0804953560371517,0.08,0.04919247295895688,0.8145161290322581,0.13172043010752688,0.08602150537634409,6,26,43,297,AL-HOCEIMA,mensuel,12,2024,cf,372
0.18823529411764706,0.5294117647058824,0.4,0.06844106463878327,0.1553398058252427,0.15031432420296362,0.75,0.2442528735632184,0.09770114942528736,16,18,69,245,AL-HOCEIMA,mensuel,2,2024,cf,348
0.03361344537815126,0.0,0.03361344537815126,0.0,0.03361344537815126,0.045174537987679675,0.6908602150537635,0.31989247311827956,0.010752688172043012,4,0,115,253,AL-HOCEIMA,mensuel,3,2024,cf,372
0.125,0.5625,0.2857142857142857,0.029605263157894735,0.1076923076923077,0.1346153846153846,0.8388888888888889,0.15555555555555556,0.044444444444444446,7,9,49,295,AL-HOCEIMA,mensuel,4,2024,cf,360
0.0967741935483871,0.85,0.6451612903225806,0.04985337243401759,0.0625,0.055944055944055944,0.8790322580645161,0.08333333333333333,0.053763440860215055,3,17,28,324,AL-HOCEIMA,mensuel,5,2024,cf,372
0.14492753623188406,0.7368421052631579,0.5507246376811594,0.09621993127147767,0.10309278350515463,0.05878110349801659,0.7583333333333333,0.19166666666666668,0.10555555555555556,10,28,59,263,AL-HOCEIMA,mensuel,6,2024,cf,360
0.06481481481481481,0.3,0.09259259259259259,0.011363636363636364,0.06306306306306306,0.07303047728579644,0.7204301075268817,0.2903225806451613,0.026881720430107527,7,3,101,261,AL-HOCEIMA,mensuel,7,2024,cf,372
0.14329268292682926,0.5791044776119403,0.3404471544715447,0.056924882629107984,0.11969439728353141,0.1128340821011,0.7638888888888888,0.22404371584699453,0.07627504553734062,141,194,843,3214,AL-HOCEIMA,annuel,all,2024,cf,4392
0.023809523809523808,0.9,0.23809523809523808,0.02727272727272727,0.0196078431372549,-0.005188067444876783,0.8655913978494624,0.11290322580645161,0.026881720430107527,1,9,41,321,AL-HOCEIMA,mensuel,7,2024,hc,372
0.25,0.9130434782608695,2.875,0.057692307692307696,0.06896551724137931,0.10032246506628449,0.9274193548387096,0.021505376344086023,0.06182795698924731,2,21,6,343,AL-HOCEIMA,mensuel,8,2024,hc,372
0.09090909090909091,0.9375,1.4545454545454546,0.04297994269340974,0.038461538461538464,0.03928266438941076,0.9305555555555556,0.030555555555555555,0.044444444444444446,1,15,10,334,AL-HOCEIMA,mensuel,9,2024,hc,360
,1.0,,0.07258064516129033,0.0,0.0,0.9274193548387096,0.0,0.07258064516129033,0,27,0,345,AL-HOCEIMA,mensuel,10,2024,hc,372
0.4583333333333333,0.8450704225352113,2.9583333333333335,0.17857142857142858,0.13095238095238096,0.1465315666406859,0.7972222222222223,0.06666666666666667,0.19722222222222222,11,60,13,276,AL-HOCEIMA,mensuel,11,2024,hc,360
0.0,1.0,10.666666666666666,0.08672086720867209,0.0,-0.014967259120673527,0.9059139784946236,0.008064516129032258,0.08602150537634409,0,32,3,337,AL-HOCEIMA,mensuel,12,2024,hc,372
0.47058823529411764,0.8181818181818182,2.588235294117647,0.10140845070422536,0.1509433962264151,0.2102283449707492,0.8790322580645161,0.0456989247311828,0.11827956989247312,8,36,9,319,AL-HOCEIMA,mensuel,1,2024,hc,372
0.6153846153846154,0.7647058823529411,2.6153846153846154,0.07761194029850746,0.20512820512820512,0.30274043433298864,0.9109195402298851,0.03735632183908046,0.09770114942528736,8,26,5,309,AL-HOCEIMA,mensuel,2,2024,hc,348
0.0,1.0,0.26666666666666666,0.011204481792717087,0.0,-0.017271157167530225,0.9489247311827957,0.04032258064516129,0.010752688172043012,0,4,15,353,AL-HOCEIMA,mensuel,3,2024,hc,372
0.35714285714285715,0.6875,1.1428571428571428,0.031791907514450865,0.2,0.3044822256568779,0.9444444444444444,0.03888888888888889,0.044444444444444446,5,11,9,335,AL-HOCEIMA,mensuel,4,2024,hc,360
0.4,0.9,4.0,0.04904632152588556,0.08695652173913043,0.14153846153846153,0.9435483870967742,0.013440860215053764,0.053763440860215055,2,18,3,349,AL-HOCEIMA,mensuel,5,2024,hc,372
0.4,0.8421052631578947,2.533333333333333,0.0927536231884058,0.1276595744680851,0.17725752508361203,0.8861111111111111,0.041666666666666664,0.10555555555555556,6,32,9,313,AL-HOCEIMA,mensuel,6,2024,hc,360
0.2634730538922156,0.8686567164179104,2.0059880239520957,0.06887573964497042,0.09606986899563319,0.13120874731352855,0.9057377049180327,0.03802367941712204,0.07627504553734062,44,291,123,3934,AL-HOCEIMA,annuel,all,2024,hc,4392
0.14285714285714285,0.6666666666666666,0.42857142857142855,0.017094017094017096,0.1111111111111111,0.17195325542570952,0.9354838709677419,0.056451612903225805,0.024193548387096774,3,6,18,345,FES-SAIS,mensuel,1,2024,cf,372
0.22388059701492538,0.4827586206896552,0.43283582089552236,0.0498220640569395,0.18518518518518517,0.2220039292730845,0.8103448275862069,0.1925287356321839,0.08333333333333333,15,14,52,267,FES-SAIS,mensuel,2,2024,cf,348
0.08870967741935484,0.45,0.16129032258064516,0.036290322580645164,0.08270676691729323,0.0663265306122449,0.6720430107526881,0.3333333333333333,0.053763440860215055,11,9,113,239,FES-SAIS,mensuel,3,2024,cf,372
0.2962962962962963,0.35135135135135137,0.4567901234567901,0.04659498207885305,0.2553191489361702,0.3093241243216576,0.8055555555555556,0.225,0.10277777777777777,24,13,57,266,FES-SAIS,mensuel,4,2024,cf,360
0.475,0.36666666666666664,0.75,0.03313253012048193,0.37254901960784315,0.4964467005076142,0.9139784946236559,0.10752688172043011,0.08064516129032258,19,11,21,321,FES-SAIS,mensuel,5,2024,cf,372
0.627906976744186,0.37209302325581395,1.0,0.050473186119873815,0.4576271186440678,0.5774337906243122,0.9111111111111111,0.11944444444444445,0.11944444444444445,27,16,16,301,FES-SAIS,mensuel,6,2024,cf,360
0.9090909090909091,0.16666666666666666,1.0909090909090908,0.00554016620498615,0.7692307692307693,0.8654124457308249,0.9919354838709677,0.02956989247311828,0.03225806451612903,10,2,1,359,FES-SAIS,mensuel,7,2024,cf,372
1.0,0.25,1.3333333333333333,0.0027100271002710027,0.75,0.8558139534883721,0.9973118279569892,0.008064516129032258,0.010752688172043012,3,1,0,368,FES-SAIS,mensuel,8,2024,cf,372
0.4,0.45454545454545453,0.7333333333333333,0.030303030303030304,0.3,0.4206896551724138,0.9222222222222223,0.08333333333333333,0.06111111111111111,12,10,18,320,FES-SAIS,mensuel,9,2024,cf,360
0.3728813559322034,0.47619047619047616,0.711864406779661,0.06389776357827476,0.27848101265822783,0.3498896247240618,0.8467741935483871,0.1586021505376344,0.11290322580645161,22,20,37,293,FES-SAIS,mensuel,10,2024,cf,372
1.0,0.45454545454545453,1.8333333333333333,0.014124293785310734,0.5454545454545454,0.6993987975951904,0.9861111111111112,0.016666666666666666,0.030555555555555555,6,5,0,349,FES-SAIS,mensuel,11,2024,cf,360
0.38235294117647056,0.23529411764705882,0.5,0.011834319526627219,0.34210526315789475,0.477997305792546,0.9327956989247311,0.0913978494623656,0.0456989247311828,13,4,21,334,FES-SAIS,mensuel,12,2024,cf,372
0.3179190751445087,0.40217391304347827,0.5317919075144508,0.02865995352439969,0.2619047619047619,0.3628133704735376,0.8941256830601093,0.11816939890710383,0.06284153005464481,165,111,354,3762,FES-SAIS,annuel,all,2024,cf,4392
0.14285714285714285,0.896551724137931,1.380952380952381,0.07951070336391437,0.06382978723404255,0.053763440860215055,0.8735632183908046,0.0603448275862069,0.08333333333333333,3,26,18,301,FES-SAIS,mensuel,2,2024,hc,348
0.6153846153846154,0.6363636363636364,1.6923076923076923,0.040345821325648415,0.2962962962962963,0.4313269038909212,0.9472222222222222,0.03611111111111111,0.06111111111111111,8,14,5,333,FES-SAIS,mensuel,9,2024,hc,360
0.25,0.6666666666666666,0.75,0.016666666666666666,0.16666666666666666,0.26540284360189575,0.9596774193548387,0.03225806451612903,0.024193548387096774,3,6,9,354,FES-SAIS,mensuel,1,2024,hc,372
0.2,0.6,0.5,0.03614457831325301,0.15384615384615385,0.21003861003861005,0.8817204301075269,0.10752688172043011,0.053763440860215055,8,12,32,320,FES-SAIS,mensuel,3,2024,hc,372
0.5625,0.5135135135135135,1.15625,0.057926829268292686,0.35294117647058826,0.47134211463154146,0.9083333333333333,0.08888888888888889,0.10277777777777777,18,19,14,309,FES-SAIS,mensuel,4,2024,hc,360
0.7272727272727273,0.4666666666666667,1.3636363636363635,0.04,0.4444444444444444,0.5872170439414115,0.946236559139785,0.05913978494623656,0.08064516129032258,16,14,6,336,FES-SAIS,mensuel,5,2024,hc,372
0.7272727272727273,0.4418604651162791,1.303030303030303,0.0581039755351682,0.46153846153846156,0.5889405431857108,0.9222222222222223,0.09166666666666666,0.11944444444444445,24,19,9,308,FES-SAIS,mensuel,6,2024,hc,360
0.9,0.25,1.2,0.008287292817679558,0.6923076923076923,0.8126888217522659,0.989247311827957,0.026881720430107527,0.03225806451612903,9,3,1,359,FES-SAIS,mensuel,7,2024,hc,372
1.0,0.5,2.0,0.005405405405405406,0.5,0.6642599277978339,0.9946236559139785,0.005376344086021506,0.010752688172043012,2,2,0,368,FES-SAIS,mensuel,8,2024,hc,372
0.32,0.8095238095238095,1.68,0.09798270893371758,0.13559322033898305,0.16876971608832808,0.8629032258064516,0.06720430107526881,0.11290322580645161,8,34,17,313,FES-SAIS,mensuel,10,2024,hc,372
1.0,0.45454545454545453,1.8333333333333333,0.014124293785310734,0.5454545454545454,0.6993987975951904,0.9861111111111112,0.016666666666666666,0.030555555555555555,6,5,0,349,FES-SAIS,mensuel,11,2024,hc,360
0.4482758620689655,0.23529411764705882,0.5862068965517241,0.011661807580174927,0.3939393939393939,0.538633263053454,0.946236559139785,0.07795698924731183,0.0456989247311828,13,4,16,339,FES-SAIS,mensuel,12,2024,hc,372
0.4816326530612245,0.572463768115942,1.126530612244898,0.03809983120327948,0.29280397022332505,0.4186137245284701,0.9351092896174863,0.055783242258652097,0.06284153005464481,118,158,127,3989,FES-SAIS,annuel,all,2024,hc,4392
0.18846153846153846,0.20967741935483872,0.23846153846153847,0.13,0.1794871794871795,0.036328871892925434,0.37777777777777777,0.7222222222222222,0.17222222222222222,49,13,211,87,KENITRA,mensuel,9,2024,cf,360
0.10248447204968944,0.10810810810810811,0.11490683229813664,0.08,0.10122699386503067,0.006598614655486694,0.21236559139784947,0.8655913978494624,0.09946236559139784,33,4,289,46,KENITRA,mensuel,10,2024,cf,372
0.11450381679389313,0.09090909090909091,0.12595419847328243,0.030612244897959183,0.11320754716981132,0.04845458226481306,0.3472222222222222,0.7277777777777777,0.09166666666666666,30,3,232,95,KENITRA,mensuel,11,2024,cf,360
0.02710843373493976,0.4375,0.04819277108433735,0.175,0.02654867256637168,-0.03305506934159149,0.11290322580645161,0.8924731182795699,0.043010752688172046,9,7,323,33,KENITRA,mensuel,12,2024,cf,372
0.06968641114982578,0.0,0.06968641114982578,0.0,0.06968641114982578,0.033098399595031344,0.28225806451612906,0.771505376344086,0.053763440860215055,20,0,267,85,KENITRA,mensuel,1,2024,cf,372
0.13442622950819672,0.046511627906976744,0.14098360655737704,0.046511627906976744,0.13355048859934854,0.024305921538039926,0.23563218390804597,0.8764367816091954,0.1235632183908046,41,2,264,41,KENITRA,mensuel,2,2024,cf,348
0.05379746835443038,0.0,0.05379746835443038,0.0,0.05379746835443038,0.016829897818477532,0.19623655913978494,0.8494623655913979,0.0456989247311828,17,0,299,56,KENITRA,mensuel,3,2024,cf,372
0.06862745098039216,0.0,0.06862745098039216,0.0,0.06862745098039216,0.060026385224274406,0.4722222222222222,0.5666666666666667,0.03888888888888889,14,0,190,156,KENITRA,mensuel,4,2024,cf,360
0.13829787234042554,0.09302325581395349,0.1524822695035461,0.044444444444444446,0.13636363636363635,0.049292277129376706,0.33602150537634407,0.7580645161290323,0.11559139784946236,39,4,243,86,KENITRA,mensuel,5,2024,cf,372
0.2897196261682243,0.0,0.2897196261682243,0.0,0.2897196261682243,0.08120088656054805,0.36666666666666664,0.8916666666666667,0.25833333333333336,93,0,228,39,KENITRA,mensuel,6,2024,cf,360
0.3074074074074074,0.13541666666666666,0.35555555555555557,0.12745098039215685,0.29328621908127206,0.11756333617990322,0.46236559139784944,0.7258064516129032,0.25806451612903225,83,13,187,89,KENITRA,mensuel,7,2024,cf,372
0.1354001898133502,0.0970464135021097,0.1499525466624486,0.05355064027939464,0.13345806049267228,0.0382652586864131,0.3087064676616915,0.786318407960199,0.11791044776119403,428,46,2733,813,KENITRA,annuel,all,2024,cf,4020
0.4765625,0.3645833333333333,0.75,0.14344262295081966,0.37423312883435583,0.3541666666666667,0.7258064516129032,0.34408602150537637,0.25806451612903225,61,35,67,209,KENITRA,mensuel,7,2024,hc,372
0.2916666666666667,0.5483870967741935,0.6458333333333334,0.12878787878787878,0.2153846153846154,0.18356456776947705,0.7166666666666667,0.26666666666666666,0.17222222222222222,28,34,68,230,KENITRA,mensuel,9,2024,hc,360
0.13744075829383887,0.21621621621621623,0.17535545023696683,0.049689440993788817,0.1324200913242009,0.07779024555726625,0.489247311827957,0.5672043010752689,0.09946236559139784,29,8,182,153,KENITRA,mensuel,10,2024,hc,372
0.19402985074626866,0.21212121212121213,0.2462686567164179,0.030973451327433628,0.18439716312056736,0.19260472735782821,0.6805555555555556,0.37222222222222223,0.09166666666666666,26,7,108,219,KENITRA,mensuel,11,2024,hc,360
0.04,0.5625,0.09142857142857143,0.04568527918781726,0.03804347826086957,-0.005989121799181079,0.5241935483870968,0.47043010752688175,0.043010752688172046,7,9,168,188,KENITRA,mensuel,12,2024,hc,372
0.13821138211382114,0.15,0.16260162601626016,0.012048192771084338,0.1349206349206349,0.1600795426298782,0.706989247311828,0.33064516129032256,0.053763440860215055,17,3,106,246,KENITRA,mensuel,1,2024,hc,372
0.1896551724137931,0.23255813953488372,0.2471264367816092,0.05747126436781609,0.1793478260869565,0.13218390804597702,0.5660919540229885,0.5,0.1235632183908046,33,10,141,164,KENITRA,mensuel,2,2024,hc,348
0.06842105263157895,0.23529411764705882,0.08947368421052632,0.02197802197802198,0.06701030927835051,0.04553186663642549,0.5134408602150538,0.510752688172043,0.0456989247311828,13,4,177,178,KENITRA,mensuel,3,2024,hc,372
0.06666666666666667,0.5,0.13333333333333333,0.027450980392156862,0.0625,0.05263157894736842,0.7083333333333334,0.2916666666666667,0.03888888888888889,7,7,98,248,KENITRA,mensuel,4,2024,hc,360
0.23529411764705882,0.3488372093023256,0.36134453781512604,0.05928853754940711,0.208955223880597,0.21183290025984408,0.7150537634408602,0.31989247311827956,0.11559139784946236,28,15,91,238,KENITRA,mensuel,5,2024,hc,372
0.3641025641025641,0.23655913978494625,0.47692307692307695,0.13333333333333333,0.3271889400921659,0.22029372496662217,0.5944444444444444,0.5416666666666666,0.25833333333333336,71,22,124,143,KENITRA,mensuel,6,2024,hc,360
0.19393939393939394,0.32489451476793246,0.2872727272727273,0.06497890295358649,0.17738359201773837,0.14461707875221527,0.6308457711442786,0.41044776119402987,0.11791044776119403,320,154,1330,2216,KENITRA,annuel,all,2024,hc,4020
0.45989304812834225,0.044444444444444446,0.48128342245989303,0.023121387283236993,0.450261780104712,0.42779291553133514,0.7083333333333334,0.5194444444444445,0.25,86,4,101,169,LAAYOUNE,mensuel,9,2024,cf,360
0.24285714285714285,0.03773584905660377,0.2523809523809524,0.012345679012345678,0.24056603773584906,0.2075261987932677,0.5672043010752689,0.5645161290322581,0.1424731182795699,51,2,159,160,LAAYOUNE,mensuel,10,2024,cf,372
0.6,0.4,1.0,0.022727272727272728,0.42857142857142855,0.5772727272727273,0.956989247311828,0.053763440860215055,0.053763440860215055,12,8,8,344,LAAYOUNE,mensuel,1,2024,cf,372
0.14655172413793102,0.19047619047619047,0.1810344827586207,0.017241379310344827,0.14166666666666666,0.16260162601626016,0.7040229885057471,0.3333333333333333,0.0603448275862069,17,4,99,228,LAAYOUNE,mensuel,2,2024,cf,348
0.12857142857142856,0.4375,0.22857142857142856,0.0603448275862069,0.11688311688311688,0.08054667054376272,0.6344086021505376,0.3763440860215054,0.08602150537634409,18,14,122,218,LAAYOUNE,mensuel,3,2024,cf,372
0.14655172413793102,0.10526315789473684,0.16379310344827586,0.00819672131147541,0.1440677966101695,0.17722664735698768,0.7194444444444444,0.32222222222222224,0.05277777777777778,17,2,99,242,LAAYOUNE,mensuel,4,2024,cf,360
0.3480392156862745,0.07792207792207792,0.37745098039215685,0.03571428571428571,0.3380952380952381,0.29279501066797964,0.6263440860215054,0.5483870967741935,0.20698924731182797,71,6,133,162,LAAYOUNE,mensuel,5,2024,cf,372
0.34285714285714286,0.12195121951219512,0.3904761904761905,0.06666666666666667,0.32727272727272727,0.2461799660441426,0.5888888888888889,0.5833333333333334,0.22777777777777777,72,10,138,140,LAAYOUNE,mensuel,6,2024,cf,360
0.22821576763485477,0.19117647058823528,0.2821576763485477,0.09923664122137404,0.21653543307086615,0.0991091856106703,0.4650537634408602,0.6478494623655914,0.1827956989247312,55,13,186,118,LAAYOUNE,mensuel,8,2024,cf,372
0.27631578947368424,0.13636363636363635,0.31994459833795014,0.034164859002169194,0.2647644326476443,0.26143396520182166,0.6630170316301703,0.4391727493917275,0.14051094890510948,399,63,1045,1781,LAAYOUNE,annuel,all,2024,cf,3288
0.25773195876288657,0.2647058823529412,0.35051546391752575,0.10112359550561797,0.2358490566037736,0.1521665728756331,0.5645161290322581,0.521505376344086,0.1827956989247312,50,18,144,160,LAAYOUNE,mensuel,8,2024,hc,372
0.47794117647058826,0.2777777777777778,0.6617647058823529,0.11160714285714286,0.40372670807453415,0.3924050632911392,0.7333333333333333,0.37777777777777777,0.25,65,25,71,199,LAAYOUNE,mensuel,9,2024,hc,360
0.368,0.1320754716981132,0.424,0.02834008097165992,0.3484848484848485,0.3959898803005702,0.7688172043010753,0.33602150537634407,0.1424731182795699,46,7,79,240,LAAYOUNE,mensuel,10,2024,hc,372
0.8571428571428571,0.4,1.4285714285714286,0.0223463687150838,0.5454545454545454,0.6922567835870285,0.9731182795698925,0.03763440860215054,0.053763440860215055,12,8,2,350,LAAYOUNE,mensuel,1,2024,hc,372
0.2112676056338028,0.2857142857142857,0.29577464788732394,0.021660649819494584,0.19480519480519481,0.2568712543914032,0.8218390804597702,0.20402298850574713,0.0603448275862069,15,6,56,271,LAAYOUNE,mensuel,2,2024,hc,348
0.26229508196721313,0.5,0.5245901639344263,0.05144694533762058,0.2077922077922078,0.260654242147791,0.8360215053763441,0.1639784946236559,0.08602150537634409,16,16,45,295,LAAYOUNE,mensuel,3,2024,hc,372
0.22,0.42105263157894735,0.38,0.025806451612903226,0.1896551724137931,0.26242371403661724,0.8694444444444445,0.1388888888888889,0.05277777777777778,11,8,39,302,LAAYOUNE,mensuel,4,2024,hc,360
0.40853658536585363,0.12987012987012986,0.4695121951219512,0.04807692307692308,0.3850574712643678,0.38188707373128766,0.7123655913978495,0.44086021505376344,0.20698924731182797,67,10,97,198,LAAYOUNE,mensuel,5,2024,hc,372
0.4097222222222222,0.2804878048780488,0.5694444444444444,0.10648148148148148,0.3532934131736527,0.3266832917705736,0.7,0.4,0.22777777777777777,59,23,85,193,LAAYOUNE,mensuel,6,2024,hc,360
0.3555787278415016,0.2619047619047619,0.48175182481751827,0.05195362816659511,0.31574074074074077,0.35822839774207554,0.7752433090024331,0.2916666666666667,0.14051094890510948,341,121,618,2208,LAAYOUNE,annuel,all,2024,hc,3288
,1.0,,0.002688172043010753,0.0,0.0,0.9973118279569892,0.0,0.002688172043010753,0,1,0,371,MARRAKECH,mensuel,8,2024,cf,372
0.38461538461538464,0.6666666666666666,1.1538461538461537,0.02881844380403458,0.21739130434782608,0.33126934984520123,0.95,0.03611111111111111,0.041666666666666664,5,10,8,337,MARRAKECH,mensuel,9,2024,cf,360
0.08333333333333333,0.8636363636363636,0.6111111111111112,0.05654761904761905,0.05454545454545454,0.03241296518607443,0.8602150537634409,0.0967741935483871,0.05913978494623656,3,19,33,317,MARRAKECH,mensuel,10,2024,cf,372
0.0,1.0,1.3,0.037142857142857144,0.0,-0.032418952618453865,0.9361111111111111,0.027777777777777776,0.03611111111111111,0,13,10,337,MARRAKECH,mensuel,11,2024,cf,360
0.16666666666666666,0.5,0.3333333333333333,0.00273224043715847,0.14285714285714285,0.24390243902439024,0.9838709677419355,0.016129032258064516,0.005376344086021506,1,1,5,365,MARRAKECH,mensuel,1,2024,cf,372
0.13043478260869565,0.6666666666666666,0.391304347826087,0.018461538461538463,0.10344827586206896,0.15612758813654168,0.9252873563218391,0.06609195402298851,0.02586206896551724,3,6,20,319,MARRAKECH,mensuel,2,2024,cf,348
0.1276595744680851,0.7,0.425531914893617,0.043076923076923075,0.09836065573770492,0.11213331018920326,0.8521505376344086,0.12634408602150538,0.053763440860215055,6,14,41,311,MARRAKECH,mensuel,3,2024,cf,372
0.4,0.9130434782608695,4.6,0.059154929577464786,0.07692307692307693,0.12284263959390863,0.9333333333333333,0.013888888888888888,0.06388888888888888,2,21,3,334,MARRAKECH,mensuel,4,2024,cf,360
0.0,1.0,2.6666666666666665,0.02168021680216802,0.0,-0.011869436201780416,0.9704301075268817,0.008064516129032258,0.021505376344086023,0,8,3,361,MARRAKECH,mensuel,5,2024,cf,372
0.3793103448275862,0.7317073170731707,1.4137931034482758,0.09063444108761329,0.1864406779661017,0.2428358601349575,0.8666666666666667,0.08055555555555556,0.11388888888888889,11,30,18,301,MARRAKECH,mensuel,6,2024,cf,360
,,,0.0,,,1.0,0.0,0.0,0,0,0,372,MARRAKECH,mensuel,7,2024,cf,372
0.18023255813953487,0.7987012987012987,0.8953488372093024,0.031964656964656966,0.10508474576271186,0.15606929061726668,0.9343283582089552,0.042786069651741296,0.038308457711442784,31,123,141,3725,MARRAKECH,annuel,all,2024,cf,4020
,,,0.0,,,1.0,0.0,0.0,0,0,0,372,MARRAKECH,mensuel,7,2024,hc,372
,1.0,,0.002688172043010753,0.0,0.0,0.9973118279569892,0.0,0.002688172043010753,0,1,0,371,MARRAKECH,mensuel,8,2024,hc,372
0.0,1.0,15.0,0.04178272980501393,0.0,-0.005235602094240838,0.9555555555555556,0.002777777777777778,0.041666666666666664,0,15,1,344,MARRAKECH,mensuel,9,2024,hc,360
0.10526315789473684,0.9090909090909091,1.1578947368421053,0.056657223796033995,0.05128205128205128,0.045227524972253054,0.9005376344086021,0.051075268817204304,0.05913978494623656,2,20,17,333,MARRAKECH,mensuel,10,2024,hc,372
0.0,1.0,2.6,0.036619718309859155,0.0,-0.02047244094488189,0.95,0.013888888888888888,0.03611111111111111,0,13,5,342,MARRAKECH,mensuel,11,2024,hc,360
0.16666666666666666,0.5,0.3333333333333333,0.00273224043715847,0.14285714285714285,0.24390243902439024,0.9838709677419355,0.016129032258064516,0.005376344086021506,1,1,5,365,MARRAKECH,mensuel,1,2024,hc,372
0.07692307692307693,0.8888888888888888,0.6923076923076923,0.023880597014925373,0.047619047619047616,0.06224737267582862,0.9425287356321839,0.03735632183908046,0.02586206896551724,1,8,12,327,MARRAKECH,mensuel,2,2024,hc,348
0.09523809523809523,0.9,0.9523809523809523,0.05128205128205128,0.05128205128205128,0.044962531223980015,0.9005376344086021,0.056451612903225805,0.053763440860215055,2,18,19,333,MARRAKECH,mensuel,3,2024,hc,372
1.0,0.9130434782608695,11.5,0.05865921787709497,0.08695652173913043,0.15132465199820386,0.9416666666666667,0.005555555555555556,0.06388888888888888,2,21,0,337,MARRAKECH,mensuel,4,2024,hc,360
0.0,1.0,2.6666666666666665,0.02168021680216802,0.0,-0.011869436201780416,0.9704301075268817,0.008064516129032258,0.021505376344086023,0,8,3,361,MARRAKECH,mensuel,5,2024,hc,372
0.5714285714285714,0.8048780487804879,2.9285714285714284,0.0953757225433526,0.1702127659574468,0.24726570877117734,0.8916666666666667,0.03888888888888889,0.11388888888888889,8,33,6,313,MARRAKECH,mensuel,6,2024,hc,360
0.19047619047619047,0.8961038961038961,1.8333333333333333,0.0350609756097561,0.07207207207207207,0.11039781370046665,0.9487562189054727,0.020895522388059702,0.038308457711442784,16,138,68,3798,MARRAKECH,annuel,all,2024,hc,4020
0.1774193548387097,0.47619047619047616,0.3387096774193548,0.03225806451612903,0.1527777777777778,0.19736842105263158,0.8360215053763441,0.16666666666666666,0.056451612903225805,11,10,51,300,MEKNES,mensuel,8,2024,cf,372
0.2023121387283237,0.07894736842105263,0.21965317919075145,0.016042780748663103,0.19886363636363635,0.19187416417245112,0.6083333333333333,0.48055555555555557,0.10555555555555556,35,3,138,184,MEKNES,mensuel,9,2024,cf,360
0.17560975609756097,0.1,0.1951219512195122,0.023952095808383235,0.1722488038277512,0.13893497457853893,0.5349462365591398,0.5510752688172043,0.10752688172043011,36,4,169,163,MEKNES,mensuel,10,2024,cf,372
0.14457831325301204,0.07692307692307693,0.1566265060240964,0.0036101083032490976,0.14285714285714285,0.20004937966792175,0.8,0.23055555555555557,0.03611111111111111,12,1,71,276,MEKNES,mensuel,11,2024,cf,360
0.2235294117647059,0.09523809523809523,0.24705882352941178,0.006968641114982578,0.21839080459770116,0.29462941274887067,0.8172043010752689,0.22849462365591397,0.056451612903225805,19,2,66,285,MEKNES,mensuel,12,2024,cf,372
0.17721518987341772,0.2222222222222222,0.22784810126582278,0.013651877133105802,0.1686746987951807,0.22779783393501804,0.8145161290322581,0.21236559139784947,0.04838709677419355,14,4,65,289,MEKNES,mensuel,1,2024,cf,372
0.14285714285714285,0.14285714285714285,0.16666666666666666,0.013513513513513514,0.13953488372093023,0.1577708006279435,0.6810344827586207,0.3620689655172414,0.0603448275862069,18,3,108,219,MEKNES,mensuel,2,2024,cf,348
0.07296137339055794,0.2608695652173913,0.09871244635193133,0.04316546762589928,0.07112970711297072,0.022836453132025463,0.4032258064516129,0.6263440860215054,0.06182795698924731,17,6,216,133,MEKNES,mensuel,3,2024,cf,372
0.2896551724137931,0.045454545454545456,0.30344827586206896,0.009302325581395349,0.2857142857142857,0.31620839363241676,0.7083333333333334,0.4027777777777778,0.12222222222222222,42,2,103,213,MEKNES,mensuel,4,2024,cf,360
0.2631578947368421,0.09090909090909091,0.2894736842105263,0.01818181818181818,0.2564102564102564,0.27519484009674816,0.6881720430107527,0.40860215053763443,0.11827956989247312,40,4,112,216,MEKNES,mensuel,5,2024,cf,372
0.2874251497005988,0.1724137931034483,0.3473053892215569,0.05181347150259067,0.2711864406779661,0.24644642045823328,0.6416666666666667,0.4638888888888889,0.16111111111111112,48,10,119,183,MEKNES,mensuel,6,2024,cf,360
0.15789473684210525,0.3333333333333333,0.23684210526315788,0.008982035928143712,0.14634146341463414,0.225,0.9059139784946236,0.10215053763440861,0.024193548387096774,6,3,32,331,MEKNES,mensuel,7,2024,cf,372
0.1925064599483204,0.14857142857142858,0.22609819121447028,0.01828410689170183,0.18625,0.2115201334286395,0.703551912568306,0.3524590163934426,0.07969034608378871,298,52,1250,2792,MEKNES,annuel,all,2024,cf,4392
0.17391304347826086,0.5555555555555556,0.391304347826087,0.014326647564469915,0.14285714285714285,0.22297650130548302,0.9354838709677419,0.06182795698924731,0.024193548387096774,4,5,19,344,MEKNES,mensuel,7,2024,hc,372
0.13043478260869565,0.8571428571428571,0.9130434782608695,0.05157593123209169,0.07317073170731707,0.08219711725749902,0.8978494623655914,0.06182795698924731,0.056451612903225805,3,18,20,331,MEKNES,mensuel,8,2024,hc,372
0.38271604938271603,0.18421052631578946,0.4691358024691358,0.025089605734767026,0.3522727272727273,0.44062806673209026,0.8416666666666667,0.225,0.10555555555555556,31,7,50,272,MEKNES,mensuel,9,2024,hc,360
0.2248062015503876,0.275,0.31007751937984496,0.04526748971193416,0.20714285714285716,0.21420415620004568,0.7016129032258065,0.3467741935483871,0.10752688172043011,29,11,100,232,MEKNES,mensuel,10,2024,hc,372
0.25,0.38461538461538464,0.40625,0.01524390243902439,0.21621621621621623,0.3206663196251952,0.9194444444444444,0.08888888888888889,0.03611111111111111,8,5,24,323,MEKNES,mensuel,11,2024,hc,360
0.23333333333333334,0.6666666666666666,0.7,0.04093567251461988,0.1590909090909091,0.22289972899728996,0.9005376344086021,0.08064516129032258,0.056451612903225805,7,14,23,328,MEKNES,mensuel,12,2024,hc,372
0.2553191489361702,0.3333333333333333,0.3829787234042553,0.018461538461538463,0.22641509433962265,0.3217716115261473,0.8897849462365591,0.12634408602150538,0.04838709677419355,12,6,35,319,MEKNES,mensuel,1,2024,hc,372
0.13953488372093023,0.42857142857142855,0.2441860465116279,0.03435114503816794,0.12631578947368421,0.1409707351891506,0.7614942528735632,0.2471264367816092,0.0603448275862069,12,9,74,253,MEKNES,mensuel,2,2024,hc,348
0.10869565217391304,0.34782608695652173,0.16666666666666666,0.03418803418803419,0.10273972602739725,0.0898700134468848,0.6478494623655914,0.3709677419354839,0.06182795698924731,15,8,123,226,MEKNES,mensuel,3,2024,hc,372
0.29411764705882354,0.5454545454545454,0.6470588235294118,0.0821917808219178,0.21739130434782608,0.2451071761416589,0.8,0.18888888888888888,0.12222222222222222,20,24,48,268,MEKNES,mensuel,4,2024,hc,360
0.4186046511627907,0.5909090909090909,1.0232558139534884,0.0790273556231003,0.2608695652173913,0.33617914625612316,0.8629032258064516,0.11559139784946236,0.11827956989247312,18,26,25,303,MEKNES,mensuel,5,2024,hc,372
0.4125,0.43103448275862066,0.725,0.08928571428571429,0.3142857142857143,0.3584158415841584,0.8,0.2222222222222222,0.16111111111111112,33,25,47,255,MEKNES,mensuel,6,2024,hc,360
0.24615384615384617,0.4514285714285714,0.44871794871794873,0.043743078626799554,0.2046908315565032,0.258215605303195,0.8301457194899818,0.17759562841530055,0.07969034608378871,192,158,588,3454,MEKNES,annuel,all,2024,hc,4392
0.48091603053435117,0.11267605633802817,0.5419847328244275,0.16326530612244897,0.45323741007194246,0.22964297781281676,0.5777777777777777,0.7277777777777777,0.39444444444444443,126,16,136,82,NOUASSEUR,mensuel,6,2024,cf,360
0.4,0.03896103896103896,0.41621621621621624,0.016042780748663103,0.39361702127659576,0.38515962536607995,0.6935483870967742,0.49731182795698925,0.20698924731182797,74,3,111,184,NOUASSEUR,mensuel,7,2024,cf,372
0.5388349514563107,0.06722689075630252,0.5776699029126213,0.04819277108433735,0.5186915887850467,0.46688557435440786,0.7231182795698925,0.553763440860215,0.31989247311827956,111,8,95,158,NOUASSEUR,mensuel,8,2024,cf,372
0.41037735849056606,0.11224489795918367,0.46226415094339623,0.07432432432432433,0.3901345291479821,0.30105070808588397,0.6222222222222222,0.5888888888888889,0.2722222222222222,87,11,125,137,NOUASSEUR,mensuel,9,2024,cf,360
0.32751091703056767,0.10714285714285714,0.36681222707423583,0.06293706293706294,0.31512605042016806,0.22225642604278897,0.5618279569892473,0.6155913978494624,0.22580645161290322,75,9,154,134,NOUASSEUR,mensuel,10,2024,cf,372
0.27450980392156865,0.2222222222222222,0.35294117647058826,0.04938271604938271,0.2545454545454545,0.25577557755775576,0.6893939393939394,0.38636363636363635,0.13636363636363635,14,4,37,77,NOUASSEUR,mensuel,11,2024,cf,132
0.344,0.29508196721311475,0.488,0.0728744939271255,0.3006993006993007,0.3103703978347114,0.7311827956989247,0.33602150537634407,0.1639784946236559,43,18,82,229,NOUASSEUR,mensuel,12,2024,cf,372
0.13580246913580246,0.21428571428571427,0.1728395061728395,0.010309278350515464,0.13095238095238096,0.17888243831640058,0.803763440860215,0.21774193548387097,0.03763440860215054,11,3,70,288,NOUASSEUR,mensuel,1,2024,cf,372
0.23780487804878048,0.04878048780487805,0.25,0.010869565217391304,0.23493975903614459,0.23657845643612244,0.6350574712643678,0.47126436781609193,0.11781609195402298,39,2,125,182,NOUASSEUR,mensuel,2,2024,cf,348
0.10204081632653061,0.11764705882352941,0.11564625850340136,0.008888888888888889,0.10067114093959731,0.11001606855918586,0.6397849462365591,0.3951612903225806,0.0456989247311828,15,2,132,223,NOUASSEUR,mensuel,3,2024,cf,372
0.3013698630136986,0.3888888888888889,0.4931506849315068,0.04878048780487805,0.25287356321839083,0.3114406779661017,0.8194444444444444,0.20277777777777778,0.1,22,14,51,273,NOUASSEUR,mensuel,4,2024,cf,360
0.30994152046783624,0.28378378378378377,0.4327485380116959,0.1044776119402985,0.2760416666666667,0.2145461173897193,0.6263440860215054,0.4596774193548387,0.1989247311827957,53,21,118,180,NOUASSEUR,mensuel,5,2024,cf,372
0.3515215110178384,0.14212548015364918,0.40975865687303253,0.0491585473870682,0.3321764997521071,0.3169444398438482,0.6765129682997119,0.45773294908741596,0.18756003842459174,670,111,1236,2147,NOUASSEUR,annuel,all,2024,cf,4164
0.5845410628019324,0.14788732394366197,0.6859903381642513,0.13725490196078433,0.5307017543859649,0.42380183091007,0.7027777777777777,0.575,0.39444444444444443,121,21,86,132,NOUASSEUR,mensuel,6,2024,hc,360
0.5175438596491229,0.23376623376623376,0.6754385964912281,0.06976744186046512,0.44696969696969696,0.4923732615522656,0.803763440860215,0.3064516129032258,0.20698924731182797,59,18,55,240,NOUASSEUR,mensuel,7,2024,hc,372
0.6470588235294118,0.16806722689075632,0.7777777777777778,0.091324200913242,0.5722543352601156,0.5749884205650764,0.8010752688172043,0.4112903225806452,0.31989247311827956,99,20,54,199,NOUASSEUR,mensuel,8,2024,hc,372
0.5813953488372093,0.23469387755102042,0.7596899224806202,0.09956709956709957,0.4934210526315789,0.5088241547948118,0.7861111111111111,0.35833333333333334,0.2722222222222222,75,23,54,208,NOUASSEUR,mensuel,9,2024,hc,360
0.4528301886792453,0.14285714285714285,0.5283018867924528,0.056338028169014086,0.42105263157894735,0.4217071791972866,0.7338709677419355,0.4274193548387097,0.22580645161290322,72,12,87,201,NOUASSEUR,mensuel,10,2024,hc,372
0.3333333333333333,0.3888888888888889,0.5454545454545454,0.0707070707070707,0.275,0.30952380952380953,0.7803030303030303,0.25,0.13636363636363635,11,7,22,92,NOUASSEUR,mensuel,11,2024,hc,132
0.4657534246575342,0.4426229508196721,0.8356164383561644,0.0903010033444816,0.34,0.400322407307899,0.8225806451612904,0.19623655913978494,0.1639784946236559,34,27,39,272,NOUASSEUR,mensuel,12,2024,hc,372
0.2727272727272727,0.35714285714285715,0.42424242424242425,0.014749262536873156,0.23684210526315788,0.34855072463768116,0.9220430107526881,0.08870967741935484,0.03763440860215054,9,5,24,334,NOUASSEUR,mensuel,1,2024,hc,372
0.32075471698113206,0.17073170731707318,0.3867924528301887,0.028925619834710745,0.3008849557522124,0.3525810097965335,0.7729885057471264,0.3045977011494253,0.11781609195402298,34,7,72,235,NOUASSEUR,mensuel,2,2024,hc,348
0.13861386138613863,0.17647058823529413,0.16831683168316833,0.01107011070110701,0.1346153846153846,0.17255696703079432,0.7580645161290323,0.271505376344086,0.0456989247311828,14,3,87,268,NOUASSEUR,mensuel,3,2024,hc,372
0.3953488372093023,0.5277777777777778,0.8372093023255814,0.05993690851735016,0.27419354838709675,0.36079545454545453,0.875,0.11944444444444445,0.1,17,19,26,298,NOUASSEUR,mensuel,4,2024,hc,360
0.40816326530612246,0.4594594594594595,0.7551020408163265,0.12408759124087591,0.30303030303030304,0.30832659660468875,0.7526881720430108,0.26344086021505375,0.1989247311827957,40,34,58,240,NOUASSEUR,mensuel,5,2024,hc,372
0.46837469975980783,0.25096030729833546,0.6253002401921537,0.06723842195540308,0.40484429065743943,0.4492387090582533,0.7934678194044188,0.29995196926032663,0.18756003842459174,585,196,664,2719,NOUASSEUR,annuel,all,2024,hc,4164
,1.0,,0.053763440860215055,0.0,0.0,0.946236559139785,0.0,0.053763440860215055,0,20,0,352,OUJDA,mensuel,1,2024,cf,372
,1.0,,0.04722222222222222,0.0,0.0,0.9527777777777777,0.0,0.04722222222222222,0,17,0,343,OUJDA,mensuel,9,2024,cf,360
,1.0,,0.1881720430107527,0.0,0.0,0.8118279569892473,0.0,0.1881720430107527,0,70,0,302,OUJDA,mensuel,10,2024,cf,372
,1.0,,0.1527777777777778,0.0,0.0,0.8472222222222222,0.0,0.1527777777777778,0,55,0,305,OUJDA,mensuel,11,2024,cf,360
,1.0,,0.024193548387096774,0.0,0.0,0.9758064516129032,0.0,0.024193548387096774,0,9,0,363,OUJDA,mensuel,12,2024,cf,372
,1.0,,0.10057471264367816,0.0,0.0,0.8994252873563219,0.0,0.10057471264367816,0,35,0,313,OUJDA,mensuel,2,2024,cf,348
,1.0,,0.03225806451612903,0.0,0.0,0.967741935483871,0.0,0.03225806451612903,0,12,0,360,OUJDA,mensuel,3,2024,cf,372
,1.0,,0.019444444444444445,0.0,0.0,0.9805555555555555,0.0,0.019444444444444445,0,7,0,353,OUJDA,mensuel,4,2024,cf,360
,1.0,,0.013888888888888888,0.0,0.0,0.9861111111111112,0.0,0.013888888888888888,0,5,0,355,OUJDA,mensuel,5,2024,cf,360
,1.0,,0.06111111111111111,0.0,0.0,0.9388888888888889,0.0,0.06111111111111111,0,22,0,338,OUJDA,mensuel,6,2024,cf,360
,1.0,,0.008064516129032258,0.0,0.0,0.9919354838709677,0.0,0.008064516129032258,0,3,0,369,OUJDA,mensuel,7,2024,cf,372
,1.0,,0.06362275449101797,0.0,0.0,0.936377245508982,0.0,0.06362275449101797,0,255,0,3753,OUJDA,annuel,all,2024,cf,4008
,1.0,,0.04722222222222222,0.0,0.0,0.9527777777777777,0.0,0.04722222222222222,0,17,0,343,OUJDA,mensuel,9,2024,hc,360
,1.0,,0.1881720430107527,0.0,0.0,0.8118279569892473,0.0,0.1881720430107527,0,70,0,302,OUJDA,mensuel,10,2024,hc,372
,1.0,,0.1527777777777778,0.0,0.0,0.8472222222222222,0.0,0.1527777777777778,0,55,0,305,OUJDA,mensuel,11,2024,hc,360
,1.0,,0.024193548387096774,0.0,0.0,0.9758064516129032,0.0,0.024193548387096774,0,9,0,363,OUJDA,mensuel,12,2024,hc,372
,1.0,,0.053763440860215055,0.0,0.0,0.946236559139785,0.0,0.053763440860215055,0,20,0,352,OUJDA,mensuel,1,2024,hc,372
,1.0,,0.10057471264367816,0.0,0.0,0.8994252873563219,0.0,0.10057471264367816,0,35,0,313,OUJDA,mensuel,2,2024,hc,348
,1.0,,0.03225806451612903,0.0,0.0,0.967741935483871,0.0,0.03225806451612903,0,12,0,360,OUJDA,mensuel,3,2024,hc,372
,1.0,,0.019444444444444445,0.0,0.0,0.9805555555555555,0.0,0.019444444444444445,0,7,0,353,OUJDA,mensuel,4,2024,hc,360
,1.0,,0.013888888888888888,0.0,0.0,0.9861111111111112,0.0,0.013888888888888888,0,5,0,355,OUJDA,mensuel,5,2024,hc,360
,1.0,,0.06111111111111111,0.0,0.0,0.9388888888888889,0.0,0.06111111111111111,0,22,0,338,OUJDA,mensuel,6,2024,hc,360
,1.0,,0.008064516129032258,0.0,0.0,0.9919354838709677,0.0,0.008064516129032258,0,3,0,369,OUJDA,mensuel,7,2024,hc,372
,1.0,,0.06362275449101797,0.0,0.0,0.936377245508982,0.0,0.06362275449101797,0,255,0,3753,OUJDA,annuel,all,2024,hc,4008
0.2833333333333333,0.19047619047619047,0.35,0.13333333333333333,0.265625,0.11320754716981132,0.4777777777777778,0.6666666666666666,0.23333333333333334,68,16,172,104,RABAT-SALE,mensuel,9,2024,cf,360
0.17229729729729729,0.05555555555555555,0.18243243243243243,0.039473684210526314,0.1705685618729097,0.060835572929391644,0.3333333333333333,0.7956989247311828,0.14516129032258066,51,3,245,73,RABAT-SALE,mensuel,10,2024,cf,372
0.10404624277456648,0.21739130434782608,0.1329479768786127,0.026737967914438502,0.10112359550561797,0.07990160058784064,0.5555555555555556,0.48055555555555557,0.06388888888888888,18,5,155,182,RABAT-SALE,mensuel,11,2024,cf,360
0.08095238095238096,0.39285714285714285,0.13333333333333333,0.06790123456790123,0.07692307692307693,0.01156611441075336,0.45161290322580644,0.5645161290322581,0.07526881720430108,17,11,193,151,RABAT-SALE,mensuel,12,2024,cf,372
0.042105263157894736,0.0,0.042105263157894736,0.0,0.042105263157894736,0.06143950316069646,0.7553763440860215,0.2553763440860215,0.010752688172043012,4,0,91,277,RABAT-SALE,mensuel,1,2024,cf,372
0.18617021276595744,0.18604651162790697,0.22872340425531915,0.05,0.17857142857142858,0.12756150731859234,0.5373563218390804,0.5402298850574713,0.1235632183908046,35,8,153,152,RABAT-SALE,mensuel,2,2024,cf,348
0.05603448275862069,0.13333333333333333,0.06465517241379311,0.014285714285714285,0.05555555555555555,0.03193443549526635,0.40591397849462363,0.6236559139784946,0.04032258064516129,13,2,219,138,RABAT-SALE,mensuel,3,2024,cf,372
0.176,0.18518518518518517,0.216,0.02127659574468085,0.16923076923076924,0.1894934333958724,0.7,0.3472222222222222,0.075,22,5,103,230,RABAT-SALE,mensuel,4,2024,cf,360
0.1638655462184874,0.15217391304347827,0.19327731092436976,0.05223880597014925,0.15918367346938775,0.08501289521444264,0.44623655913978494,0.6397849462365591,0.12365591397849462,39,7,199,127,RABAT-SALE,mensuel,5,2024,cf,372
0.32269503546099293,0.010869565217391304,0.3262411347517731,0.01282051282051282,0.3215547703180212,0.16473317865429235,0.4666666666666667,0.7833333333333333,0.25555555555555554,91,1,191,77,RABAT-SALE,mensuel,6,2024,cf,360
0.36363636363636365,0.0196078431372549,0.3709090909090909,0.020618556701030927,0.36101083032490977,0.2174843126069595,0.5241935483870968,0.739247311827957,0.27419354838709675,100,2,175,95,RABAT-SALE,mensuel,7,2024,cf,372
0.19456244689889549,0.11583011583011583,0.22005097706032287,0.03601440576230492,0.18972659486329743,0.13655622192725,0.5134328358208955,0.5855721393034826,0.12885572139303483,458,60,1896,1606,RABAT-SALE,annuel,all,2024,cf,4020
0.52046783625731,0.12745098039215685,0.5964912280701754,0.06467661691542288,0.483695652173913,0.46994240460763137,0.7446236559139785,0.4596774193548387,0.27419354838709675,89,13,82,188,RABAT-SALE,mensuel,7,2024,hc,372
0.3374233128834356,0.34523809523809523,0.5153374233128835,0.14720812182741116,0.2864583333333333,0.1985179407176287,0.6194444444444445,0.4527777777777778,0.23333333333333334,55,29,108,168,RABAT-SALE,mensuel,9,2024,hc,360
0.2654320987654321,0.2037037037037037,0.3333333333333333,0.05238095238095238,0.24855491329479767,0.23062237495227186,0.6505376344086021,0.43548387096774194,0.14516129032258066,43,11,119,199,RABAT-SALE,mensuel,10,2024,hc,372
0.17857142857142858,0.34782608695652173,0.27380952380952384,0.028985507246376812,0.16304347826086957,0.20013850415512466,0.7861111111111111,0.23333333333333334,0.06388888888888888,15,8,69,268,RABAT-SALE,mensuel,11,2024,hc,360
0.16455696202531644,0.5357142857142857,0.35443037974683544,0.051194539249146756,0.13829787234042554,0.14833239118145844,0.782258064516129,0.21236559139784947,0.07526881720430108,13,15,66,278,RABAT-SALE,mensuel,12,2024,hc,372
0.06521739130434782,0.25,0.08695652173913043,0.003067484662576687,0.06382978723404255,0.10223782360684511,0.8817204301075269,0.12365591397849462,0.010752688172043012,3,1,43,325,RABAT-SALE,mensuel,1,2024,hc,372
0.2711864406779661,0.2558139534883721,0.3644067796610169,0.04782608695652174,0.24806201550387597,0.264254577157803,0.7212643678160919,0.3390804597701149,0.1235632183908046,32,11,86,219,RABAT-SALE,mensuel,2,2024,hc,348
0.10309278350515463,0.3333333333333333,0.15463917525773196,0.01818181818181818,0.09803921568627451,0.11689115962223254,0.7526881720430108,0.260752688172043,0.04032258064516129,10,5,87,270,RABAT-SALE,mensuel,3,2024,hc,372
0.25316455696202533,0.25925925925925924,0.34177215189873417,0.02491103202846975,0.23255813953488372,0.2989909718534254,0.8166666666666667,0.21944444444444444,0.075,20,7,59,274,RABAT-SALE,mensuel,4,2024,hc,360
0.21052631578947367,0.391304347826087,0.3458646616541353,0.07531380753138076,0.18543046357615894,0.15815425375331174,0.6693548387096774,0.3575268817204301,0.12365591397849462,28,18,105,221,RABAT-SALE,mensuel,5,2024,hc,372
0.3953488372093023,0.07608695652173914,0.42790697674418604,0.04827586206896552,0.38288288288288286,0.30496054114994364,0.6194444444444445,0.5972222222222222,0.25555555555555554,85,7,130,138,RABAT-SALE,mensuel,6,2024,hc,360
0.29175946547884185,0.2413127413127413,0.38455827765404604,0.046763935652824544,0.2669836956521739,0.28913200808678347,0.7315920398009951,0.33507462686567163,0.12885572139303483,393,125,954,2548,RABAT-SALE,annuel,all,2024,hc,4020
0.35294117647058826,0.4146341463414634,0.6029411764705882,0.15178571428571427,0.2823529411764706,0.2181714611221874,0.6611111111111111,0.37777777777777777,0.22777777777777777,48,34,88,190,SIDI-SLIMANE,mensuel,6,2024,cf,360
0.3333333333333333,0.8125,1.7777777777777777,0.15476190476190477,0.13636363636363635,0.1325478645066274,0.7956989247311828,0.0967741935483871,0.17204301075268819,12,52,24,284,SIDI-SLIMANE,mensuel,7,2024,cf,372
0.2857142857142857,0.38181818181818183,0.46218487394957986,0.08713692946058091,0.24285714285714285,0.22986881937436932,0.7055555555555556,0.33055555555555555,0.1527777777777778,34,21,85,220,SIDI-SLIMANE,mensuel,9,2024,cf,360
0.07731958762886598,0.6341463414634146,0.211340206185567,0.14606741573033707,0.06818181818181818,-0.0663944512809039,0.4489247311827957,0.521505376344086,0.11021505376344086,15,26,179,152,SIDI-SLIMANE,mensuel,10,2024,cf,372
0.07476635514018691,0.75,0.29906542056074764,0.09486166007905138,0.061068702290076333,-0.025189849972217078,0.6583333333333333,0.2972222222222222,0.08888888888888889,8,24,99,229,SIDI-SLIMANE,mensuel,11,2024,cf,360
0.056818181818181816,0.7222222222222222,0.20454545454545456,0.045774647887323945,0.04950495049504951,0.015221707478491065,0.7419354838709677,0.23655913978494625,0.04838709677419355,5,13,83,271,SIDI-SLIMANE,mensuel,12,2024,cf,372
0.10091743119266056,0.0,0.10091743119266056,0.0,0.10091743119266056,0.13697268121774536,0.7365591397849462,0.29301075268817206,0.02956989247311828,11,0,98,263,SIDI-SLIMANE,mensuel,1,2024,cf,372
0.10317460317460317,0.4090909090909091,0.1746031746031746,0.04054054054054054,0.0962962962962963,0.0762402088772846,0.6494252873563219,0.3620689655172414,0.06321839080459771,13,9,113,213,SIDI-SLIMANE,mensuel,2,2024,cf,348
0.06565656565656566,0.35,0.10101010101010101,0.040229885057471264,0.06341463414634146,0.02394227615611676,0.4838709677419355,0.532258064516129,0.053763440860215055,13,7,185,167,SIDI-SLIMANE,mensuel,3,2024,cf,372
0.19811320754716982,0.36363636363636365,0.3113207547169811,0.047244094488188976,0.17796610169491525,0.18873710621689435,0.7305555555555555,0.29444444444444445,0.09166666666666666,21,12,85,242,SIDI-SLIMANE,mensuel,4,2024,cf,360
0.21794871794871795,0.5952380952380952,0.5384615384615384,0.08503401360544217,0.1650485436893204,0.1600504095778198,0.7688172043010753,0.20967741935483872,0.11290322580645161,17,25,61,269,SIDI-SLIMANE,mensuel,5,2024,cf,372
0.15188897455666925,0.530952380952381,0.3238242097147263,0.08189496878442894,0.12960526315789472,0.08505279673000898,0.6708955223880597,0.322636815920398,0.1044776119402985,197,223,1100,2500,SIDI-SLIMANE,annuel,all,2024,cf,4020
0.30434782608695654,0.6666666666666666,0.9130434782608695,0.08588957055214724,0.1891891891891892,0.22693266832917705,0.8387096774193549,0.12365591397849462,0.11290322580645161,14,28,32,298,SIDI-SLIMANE,mensuel,5,2024,hc,372
0.30526315789473685,0.6463414634146342,0.8631578947368421,0.2,0.19594594594594594,0.11009555463232239,0.6694444444444444,0.2638888888888889,0.22777777777777777,29,53,66,212,SIDI-SLIMANE,mensuel,6,2024,hc,360
0.3793103448275862,0.828125,2.206896551724138,0.15451895043731778,0.13414634146341464,0.14479989638647844,0.8091397849462365,0.07795698924731183,0.17204301075268819,11,53,18,290,SIDI-SLIMANE,mensuel,7,2024,hc,372
0.3230769230769231,0.6181818181818182,0.8461538461538461,0.1152542372881356,0.21212121212121213,0.22108183079056865,0.7833333333333333,0.18055555555555555,0.1527777777777778,21,34,44,261,SIDI-SLIMANE,mensuel,9,2024,hc,360
0.09036144578313253,0.6341463414634146,0.2469879518072289,0.1262135922330097,0.078125,-0.038679959616355376,0.5241935483870968,0.44623655913978494,0.11021505376344086,15,26,151,180,SIDI-SLIMANE,mensuel,10,2024,hc,372
0.07317073170731707,0.8125,0.3902439024390244,0.09352517985611511,0.05555555555555555,-0.02592758158247653,0.7166666666666667,0.22777777777777777,0.08888888888888889,6,26,76,252,SIDI-SLIMANE,mensuel,11,2024,hc,360
0.047619047619047616,0.8333333333333334,0.2857142857142857,0.04854368932038835,0.038461538461538464,-0.0012919896640826874,0.7983870967741935,0.1693548387096774,0.04838709677419355,3,15,60,294,SIDI-SLIMANE,mensuel,12,2024,hc,372
0.15384615384615385,0.2727272727272727,0.21153846153846154,0.009375,0.14545454545454545,0.21568275614570248,0.8736559139784946,0.13978494623655913,0.02956989247311828,8,3,44,317,SIDI-SLIMANE,mensuel,1,2024,hc,372
0.04878048780487805,0.8181818181818182,0.2682926829268293,0.06766917293233082,0.04,-0.025288485146083967,0.7241379310344828,0.23563218390804597,0.06321839080459771,4,18,78,248,SIDI-SLIMANE,mensuel,2,2024,hc,348
0.031007751937984496,0.8,0.15503875968992248,0.06584362139917696,0.027586206896551724,-0.043447123418476966,0.6209677419354839,0.3467741935483871,0.053763440860215055,4,16,125,227,SIDI-SLIMANE,mensuel,3,2024,hc,372
0.2857142857142857,0.5151515151515151,0.5892857142857143,0.05592105263157895,0.2191780821917808,0.2760372565622354,0.8416666666666667,0.15555555555555556,0.09166666666666666,16,17,40,287,SIDI-SLIMANE,mensuel,4,2024,hc,360
0.15144508670520232,0.6880952380952381,0.48554913294797686,0.09160063391442155,0.11351819757365685,0.07358248293573022,0.7455223880597015,0.21517412935323382,0.1044776119402985,131,289,734,2866,SIDI-SLIMANE,annuel,all,2024,hc,4020
